match,jac_total,title_similarity,content_similarity,numbers_lenmatches 
0,0.6724269304488483,0.45674122306538734,0.5565071955865242,7
0,0.5232934444036969,0.6102782255062156,0.6169010682103597,2
0,0.43463316035345556,0.6046132711884445,0.5670360733745927,0
0,0.5046143250187269,0.7256553618656535,0.21125411732498267,8
0,0.5199223099704747,0.3604086880930034,0.40588801611361613,8
1,0.6984042554114025,0.5942939334854342,0.45871952386745296,7
1,0.6097526076822828,0.7689709863123059,0.44140120239264646,2
0,0.24531398963071419,0.6280346936083772,0.47819198889583575,3
0,0.4331895947379706,0.6572246197599693,0.23797455168802295,6
0,0.38466995754402966,0.4097697808867937,0.6177471598932327,9
1,0.5670305891713536,0.5116465393001619,0.37440053840719356,3
1,0.6576143129925006,0.7605995352289517,0.5251668138568614,7
1,0.5629744909782136,0.15029129659643786,0.6861338900770011,8
1,0.34178583608380586,0.48817319770884937,0.498563448247186,9
1,0.39286093830182445,0.33683598990752883,0.48721486889658233,0
1,0.583173302625364,0.4553783285133268,0.6410619028138014,8
0,0.16462857541068238,0.1553501323071649,0.37171590121912923,3
1,0.4237507041884695,0.7081648831890809,0.547476389080811,9
1,0.4653153385299337,0.6523849529977924,0.6550480457283984,1
0,0.3066059695727896,0.7867581332590439,0.5693378797419013,7
1,0.12207135300910006,0.7081161126455686,0.5340424391017109,7
1,0.28561207817698975,0.717874992433457,0.6761618157221766,4
0,0.2888218197713478,0.10502511935522985,0.6907235470071007,9
0,0.5377520916890004,0.5101507999264464,0.3175290413355793,4
1,0.5800547718180034,0.6003111854406878,0.4202880367261219,1
1,0.4984404856347917,0.442033284039576,0.21309083836834175,9
1,0.12718546927001376,0.450247525063318,0.35548344659909314,5
1,0.43174443796732853,0.2211094325940578,0.29236759006331253,5
1,0.6233968571816716,0.3496756215330507,0.26928646186462313,7
1,0.4355418054456467,0.6038378815305774,0.45723531443694787,7
1,0.1816388090828074,0.7176677263779837,0.5878092777354131,9
1,0.5525300634019357,0.386277227650173,0.5474227573212872,4
0,0.6360433912446162,0.1375035930031577,0.6849336313596948,7
1,0.3585166696169253,0.7473249846876401,0.589966751940252,3
1,0.3735283547239733,0.7884374509241543,0.330764978237469,2
0,0.5843173813111373,0.3072409354440142,0.6687700515579835,5
0,0.5218176635382303,0.7527579805823719,0.4273244892941772,5
1,0.13915565120088066,0.7701731650857875,0.2788513080427483,3
1,0.10316269051047666,0.6178579313424248,0.26972962366725023,3
1,0.5813689754469036,0.4019088149023756,0.5422412637842361,9
0,0.31401091802964937,0.32473100613601785,0.6046697501913185,7
1,0.4945731859787714,0.2018068859488652,0.5034170843261683,9
1,0.43719758297340217,0.495369171974823,0.3197804058906572,4
1,0.6863192855738782,0.43963736914266827,0.3596979270201458,0
1,0.3786492619176055,0.51983257270021,0.41075907584991045,4
1,0.601514332891476,0.3280527488507571,0.41799236670874484,2
1,0.6720205797132216,0.21896593531110187,0.2266417453464737,0
1,0.37688075383483954,0.20165852840274356,0.5588502047903845,3
1,0.3148019537515161,0.11002845251374604,0.3817887861858936,7
1,0.21591365490304032,0.533686353396957,0.2543186392306955,7
0,0.43171838263589,0.6492695934494569,0.6427097328506461,4
0,0.3881906806910689,0.7695391373726366,0.2647353258443096,5
1,0.482188468753183,0.37257689271468386,0.3515394669716896,8
0,0.11585517314294368,0.4930414579064504,0.6357819750705231,8
0,0.19753409486588736,0.43712567689730997,0.4880875896142033,2
1,0.6965106681636098,0.7010438523104805,0.37483803730636756,0
1,0.1536374062481997,0.18167855238823993,0.4654150924375063,6
1,0.31333034935754334,0.10751922947186689,0.23036940336188888,6
0,0.4088205307532805,0.1958744409918303,0.6759490059676194,1
1,0.3049696978564978,0.7795999855216519,0.5290550863952286,7
1,0.2742468211423845,0.4050833391940716,0.33005529985042237,2
0,0.13298025671511945,0.5543428578576676,0.60237322058693,2
1,0.36048958210246507,0.3779952441814436,0.2451892914857567,2
0,0.11673058148388814,0.20449033055714325,0.33789788005272714,8
1,0.15292574910183776,0.3078826103909283,0.6373782679878761,0
1,0.4096534246469379,0.22319349917954218,0.4340605044180669,9
0,0.40446761793599106,0.5678044095265903,0.3870859592833036,2
1,0.5340097753830855,0.6031098217739393,0.5560229190310249,8
0,0.228059171075308,0.6280817237611404,0.5506619143128471,4
1,0.5522310547264807,0.5316327568129673,0.23599380126581115,5
0,0.1487463077466637,0.3328182639750449,0.5353877406962102,1
0,0.5877560272322829,0.3056069867964084,0.6206340759837652,6
0,0.3442829555641148,0.6186751886180717,0.4073447183418848,3
0,0.6179945042345477,0.5609424018812728,0.3918601790361639,4
1,0.20279557073242196,0.4434095343656421,0.52369974671581,7
1,0.5013793372585583,0.5286926225513044,0.6168937435850016,3
0,0.20487711640058207,0.3748598488588327,0.5026744241875907,1
0,0.18824185198252535,0.2954693469269489,0.4388522766421623,6
0,0.4171624136067803,0.7585772781274339,0.6744891544390675,7
1,0.16166752161911416,0.2636620328211434,0.3305534447496882,4
1,0.6887462369857256,0.7010003933477129,0.5654445880909624,4
1,0.36739915860069294,0.12548184491455566,0.6421204983501945,3
0,0.1769927455888797,0.7088429075992635,0.6802427652023275,5
0,0.6702718369197129,0.39416690352832373,0.4086570702938265,5
0,0.598162229909464,0.6195933176221757,0.4962868084114996,3
0,0.46746772787496893,0.628528797291828,0.4916423304548864,7
1,0.38223875665958507,0.2997499978569356,0.6120350531306934,4
1,0.36248228466947763,0.1929993494939754,0.3607191424509807,1
0,0.6396640489004455,0.2349506187750998,0.29380864451234173,9
1,0.5592900296651947,0.2395381400582016,0.4461596624837766,8
0,0.6916099692274891,0.5208331297234201,0.6786038237960795,3
1,0.618006557085195,0.7530986140512068,0.23818642679980928,1
1,0.18001278311436789,0.4953709847472094,0.5903294831545054,9
1,0.3118363105366229,0.5289856803347799,0.2768450566815294,6
0,0.5788946478310033,0.524954985167745,0.5592754728239646,0
1,0.6595768618006047,0.4160234277246596,0.31272071295090453,6
1,0.5919806944451246,0.44168573843612247,0.25853937981740144,4
0,0.6641573157980409,0.7087148907785468,0.41526553027986435,8
1,0.31108472008366084,0.7529090132812467,0.6790912296685886,1
1,0.1408444842473227,0.6040564578993887,0.41078203500939114,7
1,0.2776250370252134,0.731287148364945,0.46624233956271,0
0,0.14139076412431173,0.6158519467301351,0.4832044399891036,4
1,0.18308148345980885,0.6177189124876751,0.6921993491894367,3
0,0.23744898448947277,0.10708115242066679,0.45566767900865035,0
0,0.3017689456009078,0.5057206950839425,0.20696648086000713,4
1,0.34454672322738533,0.5002466775562321,0.32846189259851,2
0,0.14390221313156676,0.1965248066318045,0.4815221727121191,8
1,0.5573166745153051,0.3146998137816937,0.21382653404360286,2
1,0.232990100877233,0.4328762622077278,0.4541063737522882,2
0,0.6411817536781789,0.6060615922050012,0.5289317929049373,4
1,0.4986091445610099,0.688856029346655,0.5012548660426281,7
1,0.2629983441109483,0.4119651726424969,0.23608185056785158,3
1,0.6376851382509755,0.5585739477440315,0.369607598025254,8
1,0.24883519967073284,0.4004304521889859,0.24364639537809546,2
0,0.6662071925975185,0.19183609179025118,0.30205818044251814,8
1,0.5398381332700934,0.1956916171722603,0.685368591683756,6
0,0.2548480666245108,0.2029148031863952,0.4362121390348336,5
1,0.3246650689257692,0.48381605676671036,0.2913697221132051,3
1,0.17626702772511785,0.24344192497646022,0.23724850433048017,0
1,0.5499334697524164,0.3649769973187994,0.5499510506573255,5
0,0.3622610368168202,0.39821597495692906,0.25209188977536917,3
0,0.17866856532838005,0.26454585427317284,0.32126165380132876,3
0,0.1571806934119463,0.11696603522117134,0.528220671810451,8
1,0.4124692620476692,0.43583289540018644,0.34913508647853664,7
0,0.5812344282463049,0.5753983289153952,0.3209440360403746,9
0,0.5090782923762993,0.19713419902917667,0.3014084620961711,5
0,0.46138659682649985,0.3530180496253198,0.3621900484663313,2
0,0.4911082932973768,0.19463293243780827,0.386648985124707,6
1,0.16402501802582062,0.49278088923644037,0.23743140660172113,6
1,0.40845589515736325,0.25505967476765434,0.20200303665839442,2
0,0.4164765001937841,0.4252435211045251,0.5578248078065282,0
0,0.48991447394818677,0.5961661006672089,0.5631238704307095,7
1,0.14458556534064554,0.3884014680244483,0.3084267872887968,8
0,0.16441558175845974,0.14155071257793,0.3434482888388928,9
1,0.32147977875144695,0.44445557359118226,0.6723841400729493,5
1,0.6640839188104017,0.5526498759118524,0.5556602953128749,7
0,0.10720704382521838,0.36867704758259967,0.5536877760651888,5
0,0.5149479168239915,0.25923193662364913,0.6781942767470408,8
0,0.3677292911686125,0.6011539826836728,0.26358087630737764,9
1,0.6405455027699233,0.5016395460742378,0.4544306232704762,7
0,0.13467118395461958,0.7061528557115376,0.37511867651704434,9
0,0.6537561531454444,0.30028329758981265,0.4624037273726016,5
0,0.3815117792807682,0.21734625100871943,0.4320014283256224,9
1,0.6486201125603933,0.448005740979344,0.558665594535003,9
0,0.34471051457545027,0.23717247118748944,0.49622995221619437,5
0,0.6309228434708187,0.3259867252432889,0.2998877294259687,6
1,0.41528207189483346,0.4107062988395431,0.36025288178305936,3
1,0.4043676374866566,0.18636340162986745,0.5373831761018002,2
1,0.3477363143433327,0.34799707899369015,0.6133320099274204,4
1,0.6982835975887846,0.12739571251620085,0.34780489792244396,7
0,0.37177846154513383,0.10812285827371503,0.519492332779911,8
1,0.4253083177856031,0.7822948490301717,0.6542397845852626,7
1,0.5880792950796209,0.23853025811693482,0.2399796681043181,1
1,0.22044365925050685,0.4487702830200223,0.5062705370256986,8
1,0.12425381778268846,0.7998801975514143,0.4311132668054898,2
1,0.17898746463910867,0.1299455019008992,0.5652156754597539,4
1,0.5216757461388137,0.1641104416141813,0.5543757299562571,9
1,0.5697806229813511,0.4039353740396283,0.3928446179099083,6
0,0.25111015133505415,0.7973947281720444,0.5505727474821843,5
0,0.5726992343349103,0.18921686777571012,0.5466404339534467,3
0,0.31338130978843104,0.36147437326417564,0.34803873579053757,6
1,0.5110751030227074,0.22293105485433115,0.6371888190855601,0
0,0.38900673051687096,0.3522644097975146,0.3507907235340114,7
0,0.33600879098201375,0.4908849057169459,0.4817893942117457,5
0,0.6618226593881658,0.5378657517272576,0.550912669812523,3
0,0.6317420487061178,0.19885728093145588,0.3517421556530267,3
1,0.1698948619533758,0.712891825763491,0.2712394298552166,1
0,0.39229716560504047,0.17009678584468516,0.45699277626866935,5
1,0.4738768957022589,0.6263599129997585,0.6232751684787717,0
0,0.12298397933203963,0.5659997952213384,0.6604695508145517,0
1,0.5600814289964267,0.2687076309538633,0.5431072150491313,1
1,0.27648625993968534,0.5801996791797055,0.37601191057791705,1
1,0.5608426863957496,0.30957493946310827,0.33148982052827325,2
1,0.11581489932413032,0.1201849245423362,0.24035555556032956,2
1,0.5400444159790486,0.17726302124758642,0.4239739821455051,1
1,0.1941953933701687,0.5867889432873561,0.500531270420637,9
1,0.5194736831623217,0.3844166550597127,0.6451928175176442,9
1,0.3669526098286725,0.2892958132025016,0.6476608569803455,6
0,0.42810092824359125,0.16990228172691144,0.3319821732503617,3
1,0.3268789286735595,0.46141977151939007,0.28991809001634744,1
0,0.34493603430426634,0.16641993651726478,0.22709853787350665,9
1,0.6868597167004633,0.4246926114379359,0.3500015769666128,1
0,0.47905245447119504,0.47853502096307865,0.3058256623714973,5
1,0.24507280136132611,0.33949428891355266,0.6812199423050518,0
0,0.45290508809775354,0.3310998645874189,0.5933965767511357,5
1,0.4058014352362008,0.17443007353489295,0.25624551903773674,5
0,0.3607371439123709,0.2276093563402642,0.32548314356762553,0
0,0.6094342022184941,0.483170316115739,0.5829720610365217,0
0,0.4443114144898761,0.3265894585100323,0.5516048045446361,0
0,0.6883285278255984,0.7517948461914521,0.4071365113658686,3
0,0.2073398491287805,0.7381519797008868,0.3127647164504038,2
0,0.23647212525318154,0.11165309885307995,0.27799355522220337,2
0,0.5703616575339522,0.5718114994956838,0.4481794956379862,9
0,0.3436159440642673,0.3236946751306711,0.4178203866640109,0
0,0.2916505304328854,0.320242662975121,0.5237544039359082,3
0,0.1527240079294901,0.571851914349708,0.5543167657434737,9
1,0.657155355762603,0.5767203090626424,0.2816994509096527,0
1,0.5546608248601332,0.7052861886033478,0.5433477472088584,4
1,0.1906581551992474,0.7441274226319443,0.29011756693617363,4
1,0.5798487360782943,0.48232319311295335,0.4340190388784684,9
1,0.22099242922776527,0.7651787325509839,0.503926747886716,6
0,0.4585536345734085,0.393666477947193,0.4379634686878171,7
0,0.6351241739346315,0.11391443942158103,0.35661698287468013,1
0,0.277221092883197,0.1366575048916268,0.4527159587853376,0
1,0.5649616926922617,0.6903175316339629,0.24376612971112543,3
1,0.3117549171533728,0.15418518903618522,0.39154397799139895,8
1,0.6766416770668228,0.7473935973421463,0.6162146341450858,5
1,0.6320866876096105,0.5345829468049789,0.5773126749359506,1
1,0.12086794337182034,0.1339383070755956,0.477333533535131,9
0,0.6994586541007739,0.5429805539592139,0.6144385376410345,4
1,0.30252001691985914,0.6643540191119708,0.36122871433800463,3
1,0.17929964989130504,0.37218711055149434,0.6929590879146507,5
1,0.17361431770332597,0.3201532897977628,0.3852126840016147,0
1,0.12310205292306141,0.4997259695667515,0.5680232444123952,6
0,0.20996569241441237,0.24147286120523517,0.4870593714747265,2
1,0.6822877320977997,0.4485048465776692,0.5932533904688067,0
0,0.5300566585177084,0.7574085801232733,0.44209638279963503,5
1,0.3520892252205452,0.4703386805704305,0.4905187266294175,1
1,0.5216891689240682,0.1720820242620344,0.6626605830113423,2
0,0.5811081990989844,0.6412922264344076,0.2748101167994229,6
0,0.5838892569481899,0.5849473627873081,0.3372309414039577,3
1,0.6444404826829034,0.6936064040506109,0.5067111100272125,3
1,0.452604081205491,0.4251793268947055,0.3637894304881707,7
0,0.6791792479797962,0.1676803095766972,0.4582421534957571,1
1,0.3877707610772443,0.16632727435481054,0.6687758349041524,4
0,0.2894630484541515,0.3589915631489582,0.6734711604294426,8
1,0.6058656352078895,0.2239164982936293,0.6950187576299267,9
0,0.31391457729102823,0.5292393179018906,0.4478660306037383,2
1,0.6648621758779185,0.12459402643786611,0.4398990768577592,8
1,0.178422343643535,0.4463021249675595,0.658108464312871,2
0,0.550195299590164,0.45087479080609827,0.6064108825330501,7
0,0.3292314033443746,0.12977540750930394,0.5619698537647073,9
0,0.6739015566499669,0.5931913221732794,0.3489807829441276,9
0,0.228877695762384,0.362824619660696,0.3423940275763675,4
1,0.19214215951032482,0.20992175306997046,0.44823608234692147,4
1,0.48420306819711156,0.6231274795340189,0.47754206241488867,2
1,0.4279793908655595,0.4427675871525697,0.4543163732277128,7
1,0.4992424436638905,0.7808888466780266,0.39927137610360763,1
1,0.23237074535076058,0.19194887674243422,0.4309640228093007,2
0,0.6348418191506003,0.19021808185881428,0.6218345033103256,4
0,0.3700680433747259,0.15890859812487812,0.6213318231177156,0
0,0.5887160787439918,0.5252779564580375,0.2645580990295958,9
1,0.6355554513547922,0.2992761368564474,0.3678220525005743,2
0,0.5500712973083774,0.13827606113584245,0.6305933758309051,6
0,0.2427232073536073,0.792756151016781,0.20583856021400665,1
1,0.24234250824077266,0.6425785572828987,0.4665147877357097,6
1,0.5043182688048753,0.7219359375906552,0.2205593985089404,5
0,0.388575626604886,0.3527970918968889,0.39674090415430563,4
0,0.16689846034173456,0.3678727593099532,0.627698363919569,0
1,0.164988534513866,0.2812066886038609,0.4942973424988561,1
0,0.31818015948735134,0.1383356967283292,0.3453368782900855,2
1,0.5562860858030384,0.12198665032339229,0.5826712745641249,0
0,0.672714813008419,0.47426296087033526,0.3777569719529603,2
1,0.6119859086642458,0.33114651366885756,0.5144557877233191,6
0,0.6446050913817901,0.44766131600519365,0.2525596476157484,8
1,0.6421785548366704,0.3546158747625878,0.5194077890610935,5
0,0.36060312375194004,0.6281323790297617,0.42782407049263826,4
1,0.5266986900807769,0.6504580828176234,0.3938316676720941,4
0,0.4217537399530519,0.3185885601082988,0.22581426810573846,0
0,0.569339977914467,0.11204352652806834,0.5852355732756804,3
0,0.29239535549434686,0.23800967438827886,0.4780522148631403,9
0,0.5783464379516076,0.755788895243173,0.46075245891759137,7
1,0.6559872180935403,0.6736342666215128,0.3644568110828994,4
1,0.31925634258013547,0.520366808396313,0.5628589150377625,2
1,0.4086588873889716,0.39231624246408725,0.3993092119447449,5
0,0.20091189504138934,0.7246287096696268,0.5659863989475469,4
0,0.291804555537835,0.10580400133861259,0.24681545567537666,5
0,0.3977688327494331,0.4202036747466872,0.4693608282284778,8
1,0.37754387745179063,0.5852290040917629,0.681385639806702,0
0,0.5917516508402911,0.5217333581241304,0.30625424822427677,5
1,0.34306814241584527,0.3282084183088917,0.45565254763062335,8
1,0.2793983420841013,0.5656772507096166,0.43153299353417407,8
0,0.13354285889362108,0.7022017122086349,0.45440481278752126,0
1,0.17200618988080013,0.1706611837167293,0.32429181892927356,2
0,0.35922654927247266,0.6156711329140537,0.5994368866672997,7
1,0.6579604222153486,0.7036688823374159,0.5955715068104062,7
1,0.35800508761369754,0.37677036983129375,0.6583374108856719,8
1,0.4068303773106292,0.5562669121815695,0.2578356185876388,7
0,0.20510563697789222,0.11811819985722012,0.5049997800930037,8
0,0.32885110138300633,0.6231512511143437,0.2590051840805868,2
1,0.3530106298229976,0.6129204132297663,0.5353749973372011,7
0,0.26997249770093057,0.29915283098580414,0.264771586176322,4
0,0.27401623139872744,0.6365083551415209,0.24096860669470138,6
0,0.531235741839025,0.5057343222071239,0.38977828229570144,7
0,0.3075945733266147,0.28504200364466475,0.6877120399001326,6
1,0.24353536610827725,0.1411866183272817,0.5983026625147917,1
1,0.25364278780919663,0.16623280144715435,0.5480384769694524,2
1,0.5431273602782597,0.24063918352996982,0.41422541000764135,3
1,0.6793018899165381,0.5291799440270518,0.61040896046353,0
0,0.6260220260379042,0.13856514250947288,0.4075176419793509,7
0,0.6416615988578577,0.1309880268452772,0.40365197329587965,9
0,0.5193600727522202,0.5520512462938274,0.3691728492494566,6
1,0.46180672700664893,0.19454066206718887,0.5019223102326551,4
1,0.6568669686550442,0.2138955579107312,0.4339503835581221,6
1,0.636882913386636,0.5109986560678622,0.6606217042944558,8
1,0.688257892379301,0.1181687540867185,0.35942069059002657,6
0,0.19307811981535278,0.44631545214749935,0.28900894851774434,9
1,0.259569315212457,0.4583853831736151,0.6686996041678444,3
1,0.12229101436507002,0.19551826607221667,0.29057140491497185,0
1,0.3378385683218689,0.108790182422362,0.33551619771911056,5
0,0.2639829305601002,0.24917319332582827,0.3144028059979918,5
0,0.4773155288099321,0.53570461158936,0.358673368804014,8
0,0.3225495408999066,0.22293222150953415,0.3905883904374071,8
0,0.10104179857414258,0.322851988309789,0.5825554671867474,3
0,0.41754181592164863,0.5057344796930227,0.43917925398918145,0
0,0.22776527636749172,0.7527873663007791,0.5775998709183623,7
0,0.3475557649619263,0.4113591035716547,0.3536119387273763,2
1,0.33956426674272655,0.20512762649697922,0.5098049242632487,2
0,0.5159053076196722,0.176287955088194,0.6655367992620247,8
1,0.33633275254854567,0.4651376147210169,0.4280785989708905,6
1,0.4792347879354272,0.5630449143460216,0.31019643581121115,4
0,0.354725712177561,0.5732488270762804,0.21869648361350175,4
0,0.522338036213406,0.4559669676603554,0.425147752504332,4
0,0.513956899371282,0.46966667649836413,0.39211411474453517,2
1,0.39721300909237167,0.3727095996912011,0.4637753672059845,2
0,0.34853367446272987,0.39128903958429695,0.46868458830757315,8
0,0.47679164906173677,0.7478535987443793,0.26069515068514365,7
1,0.6426444219768842,0.5133327803340514,0.3718188009486836,6
1,0.27512927453186486,0.2116854113498968,0.47812403230098927,0
0,0.6622768625867456,0.6381029575539623,0.27271726155766657,1
0,0.6755163264932008,0.30883921126272285,0.5341787073258035,0
0,0.3433135186145692,0.36316995226592763,0.337055080504992,9
0,0.18127472639502407,0.33432540416187706,0.3048681229545764,2
0,0.6637180598840183,0.14458255043888021,0.43270785696464176,7
0,0.25933805841285074,0.7220355670656895,0.46429447238518656,4
0,0.31031220642494517,0.7606800253317154,0.6496299354825621,0
1,0.3999715732043849,0.7857590901182978,0.6275198969851434,3
0,0.1274415954031916,0.2892825891382804,0.6827791346912824,1
0,0.18381191959873594,0.5033743503690199,0.6259674570830436,6
1,0.689205506642968,0.7179432427755037,0.6734856443693045,6
1,0.21974930890187933,0.46669358501606595,0.2967072962556,2
0,0.14932209952985986,0.38016301711276757,0.6583578423983065,4
0,0.4042795496341066,0.5671750673680055,0.6237703038577456,0
1,0.41601311704411037,0.3537171829208209,0.4343592917244601,1
1,0.4580053340447169,0.27754042970502085,0.6691436459220688,0
1,0.30987071843119113,0.5841139539250583,0.22708528127049427,6
0,0.6590630996064458,0.395821606071329,0.41772563481182057,1
1,0.6641558233565446,0.6423970997625775,0.3045919093505643,6
0,0.6293951542905392,0.28339588407733307,0.22386714830377524,2
0,0.1261650511878673,0.7697316126604679,0.29159461959425664,5
0,0.5869083233705571,0.6548543567882896,0.3164134017582703,9
1,0.6575809841040423,0.13110648953010154,0.46867590214920496,1
1,0.6241680420878731,0.6917309808745692,0.38085247050399285,7
1,0.1443378785695534,0.6251546444962706,0.41300043991243873,6
1,0.5663134324226998,0.21676922077473554,0.22226735636575556,9
0,0.21206842622239913,0.6264148793191062,0.5747856234883733,5
1,0.13606284833714605,0.1300581765560272,0.5255080992394916,2
1,0.3076178954293797,0.29958732394558524,0.671541285021708,9
0,0.4492614634185147,0.7682158708784739,0.6362020160571468,9
0,0.1612141744810497,0.3225583576862675,0.5585609501570488,3
0,0.6167904154039224,0.4216400499445926,0.6155543061212374,6
0,0.2505451014427972,0.5294459114530295,0.2663980531964173,5
0,0.10287184621947072,0.6095703857898306,0.4841217674150025,2
0,0.26948871145358955,0.33525118124042536,0.20048461961971947,1
0,0.1802091110659833,0.7185036377564535,0.5033627430179738,5
1,0.6554921237668144,0.5039648665221071,0.20183905344564873,6
1,0.6964492721998791,0.4635203900121372,0.22745931625779214,3
0,0.28583535558956696,0.6383300174043847,0.2630381198500954,4
0,0.2750248667519246,0.38300043329329936,0.5460649478177569,7
1,0.3255095141520318,0.34602475542504296,0.6697766776861336,2
0,0.5152353849070074,0.5912926593525817,0.4029408387151705,5
0,0.28342221833503267,0.22273353323721767,0.3124814140064961,4
1,0.4592551743290939,0.36707272094388876,0.5394255337695184,1
0,0.6699324321595881,0.4046013660877622,0.34996701249709783,1
0,0.2238317657442836,0.37958778698414186,0.5452016617839034,4
0,0.22832091320060172,0.38122618719206325,0.6928382226764978,6
0,0.6174127831679448,0.16514035735448773,0.4603251617753844,5
1,0.45605263068736335,0.5228401401587763,0.2590769038549654,9
1,0.32977813643752396,0.37671312625746756,0.3549327540265438,3
1,0.2581936025591439,0.711751656084648,0.3776772900190344,9
1,0.13807595253231925,0.7904417846597054,0.6228131776842136,0
1,0.13290962953178292,0.7467481950638373,0.3340925618858197,8
0,0.3435112548614493,0.17978249279165884,0.6503239368005431,4
1,0.34080508214889677,0.771581589385217,0.20445859667726085,6
0,0.5428750254468804,0.31048827714069827,0.34436054146725537,4
0,0.6490909793381209,0.26218120950626733,0.3107848795782097,1
0,0.4497119413620543,0.3691954636761692,0.6407295350593887,8
0,0.21279153927193867,0.7269245117730879,0.6057382126858586,0
1,0.23521567063253376,0.31239128184879505,0.45058736591961923,5
0,0.36881073393070773,0.5296885834592482,0.6231785958400475,2
0,0.4445136491305878,0.5976074236635602,0.6485630311618109,4
0,0.22721102247949812,0.10769327093020581,0.33229398454202963,4
0,0.5678606926803956,0.6271274401617364,0.5299729238358295,8
1,0.38717205823114464,0.20746309148010467,0.4600272415202307,8
0,0.5961581655567302,0.11663602516946514,0.5412187691457522,9
0,0.48534541286635524,0.5974073730263447,0.22081248232452233,9
1,0.5127736905642588,0.6206478809229758,0.48495798718809613,5
1,0.6422738131701913,0.45341331886624536,0.42121178236324364,9
0,0.4691687266014505,0.4788849319432956,0.3612353978170102,3
1,0.6052099450797949,0.5016907596186707,0.45292267919484,3
1,0.26283877286607266,0.5598568336816401,0.4782537401433393,8
0,0.30917351926691244,0.36889316454738896,0.2071718231018042,0
1,0.6412649716642642,0.6956304101523093,0.5814811112122755,9
0,0.6499494574047173,0.19489545298131464,0.4189599013706662,6
0,0.27863436116300055,0.24086949887349177,0.6772483650890235,4
1,0.10368543811915686,0.4668488105861027,0.5904493878892887,6
1,0.6360366698056187,0.23145680598840232,0.5759771490633746,6
0,0.3872106060397531,0.5311939581066154,0.45490739469118074,8
1,0.681428750045766,0.11286095375943014,0.6626646834110883,9
0,0.6163458330438558,0.6477173366070748,0.2097519900787131,2
0,0.5684105931363114,0.41076277204251,0.6568112681728278,9
1,0.3100618852872325,0.6696859088208753,0.481334724052924,9
1,0.3194232683052596,0.40028470540713323,0.5524633550759872,4
0,0.18144501852293804,0.564244365043011,0.48870583339508816,1
0,0.3249210621829594,0.3446282750879801,0.41122108580227246,3
0,0.3124143562447408,0.4193877885071725,0.5033128428534401,3
1,0.3162639121126587,0.5064098204108508,0.5611069742398754,4
1,0.27294141920134796,0.15830151709584267,0.3859113714752188,7
0,0.223784256152153,0.7899419132262394,0.30770813010016584,4
0,0.3029957356390087,0.12923165394078642,0.6936922180222169,2
0,0.23477703355162288,0.2526956637400511,0.6319982403740974,9
1,0.19187556008922105,0.561241175116225,0.2721798981880381,4
1,0.35882885975574774,0.6990865910074349,0.5335498816474245,1
1,0.573105473296429,0.32016070010304387,0.31947210106712953,0
1,0.3974356250077071,0.5016853882796442,0.468123359327478,4
1,0.32005604510751096,0.7352690452770749,0.20608772186630386,9
1,0.21203164667221724,0.11789490015196594,0.2373378577774159,4
1,0.6007695615627033,0.6060170349909879,0.47996260779904126,9
0,0.582378270686606,0.7967844857420089,0.6838177487576,7
1,0.456850298751021,0.7009489896527308,0.63184667832171,3
1,0.5404827035734797,0.22167853420789138,0.6102017547440257,4
0,0.437219738072426,0.7432491564120085,0.6154681537605983,1
1,0.37217561775744656,0.2884348066748452,0.6441534083502733,0
1,0.6511070928700691,0.6941384838908944,0.537471777060792,0
1,0.4944264834841109,0.34711426162902775,0.5476359938503079,8
0,0.34409968505416044,0.6237179239809804,0.3095793594355025,8
0,0.4617392620587504,0.46935216674071756,0.4808860776399853,9
0,0.19757000837385152,0.22959244370807208,0.5119927344608457,6
1,0.5861403833631288,0.2712784253208041,0.6690131403990509,3
1,0.11069992070766912,0.26941038211358814,0.576959058461163,1
0,0.2145310719372504,0.26976033623309653,0.5851665607782868,9
0,0.2416579438597815,0.44377612626057594,0.6337827365037823,0
1,0.308581708634498,0.7805988472461154,0.586231603761908,3
0,0.6222670298201078,0.47425303204265357,0.42812335106709787,3
1,0.14735975786574793,0.4468007854308438,0.5489141326836301,0
0,0.5943907598678753,0.5190540724843412,0.5233006176093923,2
1,0.21025037479846598,0.32091151835896936,0.2804842736639872,1
1,0.19536905671625,0.3451828035256763,0.5230087249845521,9
0,0.35921332267223094,0.11845137272059693,0.4679293292772483,6
0,0.24566663487543794,0.4638985523021484,0.3899342488084506,0
0,0.5081271315948656,0.20522635430557035,0.36068179136220246,8
0,0.39951821414111577,0.6637862204784956,0.4583167401790804,2
1,0.5974954410012555,0.42262449015867143,0.5342380110073276,5
0,0.3279023748054861,0.6843548199468803,0.25524114080864446,4
1,0.5710074787783108,0.28438617888715784,0.4357194110333442,8
1,0.23561124768694494,0.35526020690741533,0.47443890567852326,4
1,0.6556418466355708,0.6393887864968465,0.32465024058657355,0
0,0.4832878706874575,0.23603276069300513,0.2668659517738229,3
1,0.3836705843742596,0.6916263675275253,0.6392213408016861,3
1,0.5011141983855535,0.7835247498583122,0.3759771466545315,9
1,0.6622686128434218,0.7946404910585431,0.31926980983405695,3
0,0.4928577110916462,0.4119230278152314,0.3504059207546475,2
1,0.5193977739801986,0.3554855393136882,0.3941116829252519,9
0,0.276204490579854,0.7914564476893632,0.47278561078505155,7
0,0.2824141205027503,0.13350282455724422,0.31145410295212156,1
0,0.25760298723008385,0.5071200562005164,0.5316569859044258,4
0,0.5617972639292894,0.3919116313544727,0.4977114754213393,1
0,0.15132360425221436,0.2524822072797338,0.3469456704118784,9
0,0.6509781236829963,0.6627889782342622,0.23868766288809917,0
0,0.4200539353314938,0.6774419518208656,0.30366687782616597,3
0,0.12015182098342024,0.43040071553766057,0.3065033115937732,7
0,0.45651839072015155,0.18696355177573035,0.6002945272875839,7
0,0.6583411451209172,0.546101102517288,0.29715035145941904,8
1,0.5183490628270717,0.24170662254100356,0.41884187633575554,3
0,0.6770788634234202,0.36847322356586765,0.45863223834040556,4
0,0.4755470230833557,0.24786695382939794,0.6067972622101863,8
0,0.562583333535866,0.4431598934554105,0.4551975491889437,2
0,0.22448150579538045,0.1483451949968135,0.335027773870775,7
1,0.5205256116797876,0.15942785869273152,0.4138115127755819,0
0,0.1583378369704687,0.4269039069665309,0.21145928892399146,7
0,0.45434488684156427,0.1565435672932862,0.6662302379344358,9
0,0.47376273954938264,0.25508358905177114,0.42533119007508036,7
0,0.25150229536811286,0.47398749645793703,0.3334231023259273,4
1,0.5939738996556855,0.2609016558514076,0.5168953995087855,0
0,0.2924949236331036,0.1637689536733434,0.43448057713168586,1
0,0.1314503983258792,0.657759492188838,0.3124641097923686,6
0,0.40985685701092645,0.4749234292415708,0.310859519861068,2
1,0.2320442205576746,0.1429364579959791,0.30213762851579057,9
0,0.5187765640258939,0.35060738366184396,0.6838664665425752,2
0,0.5373494205391188,0.7056635532834141,0.667205546637968,9
0,0.21588111531866772,0.5257254197790158,0.29025358706205445,0
1,0.6202004984976645,0.11667638021727711,0.5377387209619988,3
1,0.5854361036829172,0.23243711154926258,0.5104654325943171,3
0,0.6957903305307653,0.13550485011725585,0.4600535324056434,1
0,0.22279932481480386,0.550184256290998,0.5742245856845547,1
1,0.5273979746061842,0.21413329217042115,0.6334466487689583,6
1,0.5944100420601022,0.6467080695585677,0.45375168020151313,8
0,0.22114440438343447,0.5906502576842207,0.5466516218582989,7
0,0.28005058744016376,0.13664940268545048,0.3144562275300497,6
0,0.1812781403053782,0.5290328003118802,0.34511808848144077,7
1,0.4393544080243298,0.2588457135254035,0.21760497404214857,4
0,0.5534090040153292,0.23900042920936743,0.5071759391793211,8
1,0.4756279991523449,0.4445419059350748,0.27739465944942077,1
1,0.2241882679567902,0.5723939475421397,0.5075308977540682,3
0,0.2704109652605456,0.23716758088324105,0.5001478498840861,0
0,0.10490882781622268,0.7637114246333686,0.5969212010066547,3
1,0.13239862577803035,0.7072882174664924,0.5099202195234522,0
0,0.37690273195350854,0.6967824938471123,0.6985048410582675,8
0,0.5732067941230384,0.15475614113749958,0.44548050353383506,0
0,0.4148972757242665,0.7887587048435474,0.4724961859909125,5
1,0.4885164670794585,0.6011147781975854,0.4523373946369378,1
1,0.6528859322703702,0.32063947848316643,0.3606092494649594,7
1,0.4529384389314278,0.6562256262488774,0.32500625563253716,3
1,0.27114189172659003,0.2560489884106849,0.508052196333068,9
1,0.4922477377833825,0.24511682990676772,0.37303423627956467,5
0,0.12382365470968713,0.3380051378530303,0.3052158838502775,1
1,0.447892000073296,0.7413892936228068,0.4384922562958784,5
1,0.28927886144760284,0.6464656842460931,0.5521083008145515,9
0,0.5963217588930415,0.136235852992995,0.5497372755606874,4
0,0.23150547026633134,0.28603631901379334,0.42898498998885914,5
1,0.6456851536598389,0.49546905396892915,0.4759230312889373,6
1,0.39533221780755523,0.6599545493367024,0.5193409486163345,4
1,0.3603369711491644,0.1617935786320137,0.5993951973576787,0
1,0.5129372493991299,0.5462392798190878,0.5873080878354663,3
0,0.6170866725170998,0.7968219881537577,0.33072103151070187,6
1,0.10480250764063122,0.13786050378735576,0.5430184420822914,9
0,0.5365806572373634,0.41331936789909907,0.310958447367483,3
0,0.15615131524127238,0.2774470217569398,0.30593226720642014,3
1,0.30874662314415185,0.5509797939970439,0.6619755382376742,0
1,0.26952559063393916,0.554785213603302,0.62225974799231,9
0,0.29887877835772036,0.38813356359417817,0.40282886936257767,4
1,0.2705827980515027,0.37703109262771684,0.4936871233563644,3
1,0.4777122296855676,0.7568227871815684,0.21773412006293585,7
1,0.38154209243444515,0.591946817405477,0.6502618800256773,4
1,0.4954712502699139,0.362142015907718,0.4270466587661027,6
1,0.6141055479978024,0.45761588469015946,0.6839136845516438,7
1,0.15242504606545365,0.3349756398209212,0.30411722700328636,6
1,0.2771469862582215,0.6981830180203626,0.5299903442124435,5
0,0.11029820005629605,0.7829354229355026,0.5804808830604236,6
1,0.6290986753711503,0.24042814084891342,0.24847973185780897,2
0,0.5665597051344048,0.3441114670036628,0.6166200282133906,0
0,0.23628074337499055,0.29297920540509514,0.4072666560218404,2
0,0.6016628749473953,0.13581664973109547,0.2546472195937429,1
1,0.5488061328806358,0.337505412515094,0.24392722117335142,4
0,0.40688891945513994,0.5053576839099295,0.508723733957539,0
1,0.557507093555587,0.6479749668431425,0.35258372492494694,4
1,0.23127162487422023,0.30785711462701437,0.23186893985179252,3
0,0.5772584091862456,0.48366943635478676,0.6444383689418834,5
1,0.4906220672988879,0.631307116636216,0.2985962175726239,1
0,0.4320651011943534,0.30736508662784956,0.24441268023756507,7
1,0.24112575148131818,0.15622976781409256,0.5359700136688059,7
1,0.314499391545988,0.5861359610495173,0.24313390465002688,0
0,0.4774601580195412,0.5852035075187444,0.34315268524413245,9
0,0.6644238928580241,0.6681615671427734,0.39386963759228666,8
0,0.4045527187843073,0.48166389506394913,0.3580029026876037,8
1,0.24869927984220275,0.22974705084383817,0.5725788797947063,2
0,0.3801907543516877,0.43556037395226066,0.44163888654602546,1
1,0.5377001144137452,0.24186299021870308,0.20133147485779102,4
1,0.38661179331793993,0.46573719280106174,0.2567256674173974,3
0,0.6807463991365195,0.2730063265813078,0.36374464544028295,7
1,0.5815119396705152,0.2823542695849397,0.49272734040035243,5
0,0.5740511550695698,0.5891260464076954,0.6329750421237375,2
0,0.39116223042751197,0.6453818169198,0.5866519308934026,3
1,0.5094212354307373,0.7066439976592621,0.5412989793022491,8
0,0.6949155355776039,0.3539369107288818,0.388354228707235,4
1,0.6667598921124436,0.5643111161053184,0.21573988176257808,4
1,0.5626982022286231,0.7701074762941784,0.5076682564471794,5
0,0.3303662096044885,0.6861744010288263,0.5925318561707926,5
0,0.1945145588365424,0.6717159635511912,0.24279223254000404,2
0,0.19683417490257538,0.23380769534198545,0.5889457417594077,1
1,0.10730283090080704,0.7685095321518541,0.3337692283857998,8
0,0.5397740047839926,0.5022552254742672,0.27397521369842814,7
1,0.5058905410922764,0.5805041631585754,0.6447648162154536,4
1,0.4032515523035909,0.4042886398678812,0.4696223208890202,0
0,0.3145736172601918,0.2443805204063116,0.33105265968342135,4
1,0.4730183940091466,0.2033172447528098,0.2567733573856062,9
1,0.3112009555310481,0.2346476481137739,0.393407508760491,2
0,0.4746596731875744,0.4380043165176758,0.4884953640273826,7
1,0.22970043168809332,0.2609445262621339,0.2232110909442816,8
0,0.6403436732045931,0.2681421062326887,0.3575827632431645,9
0,0.590444915518733,0.7071718537228764,0.6710214313884211,5
0,0.18735558693977633,0.2645003532628451,0.5291002593386819,6
0,0.44484395749026984,0.21204136355380981,0.3565208376700567,0
1,0.39431101403205226,0.6471082735224742,0.512667327595296,0
0,0.1885227820957796,0.6580377721621385,0.37247442821674603,1
0,0.11955067744338937,0.356458823196498,0.21146536514973202,4
1,0.4324851664529006,0.49069152559585705,0.38798451689480584,5
0,0.2661190642930465,0.44266832295351444,0.4160369301271579,2
1,0.4877587694658244,0.7434822070959429,0.4651747768268564,9
1,0.645762826167278,0.7605424473973451,0.29166516887040994,7
0,0.28033218166513113,0.3812354762054432,0.24689154653480772,0
0,0.18647276394249201,0.4924143635291329,0.43290938288684977,1
0,0.6967357785101383,0.5062534029706027,0.40496842106641506,6
1,0.22190672250738025,0.1627502165012048,0.6105570905943876,3
1,0.551734648079178,0.40839972856118933,0.36568341378924973,5
1,0.6256752917212197,0.3503769437649258,0.6872058603371901,8
1,0.47220370622367647,0.5785713209435871,0.5030797114604115,5
1,0.5599987001808302,0.6595198756936062,0.22803262149179743,2
0,0.6938874476845264,0.3157858515349676,0.3245872342708013,2
0,0.45927963851363984,0.3052398400799781,0.49488393803100955,4
0,0.11955007757426472,0.17181802174047578,0.628050580271398,5
1,0.6860416426452425,0.3333558273278812,0.3824204543516412,6
0,0.5222939662002338,0.10893565097013745,0.23243307734583346,3
0,0.3849605752174543,0.658602126999889,0.44295020506169125,3
0,0.25445451038622346,0.39157399584433183,0.5127373466318091,7
0,0.24495731280199984,0.7461596681748354,0.3964285725276655,2
0,0.1958572772179592,0.39638338310510823,0.420047580321806,8
0,0.3974041564284623,0.6110831229557612,0.2817876522624639,4
0,0.19110038999165918,0.35178384558142173,0.3354739543512947,5
1,0.5070033238053857,0.49892532886629815,0.5759891386011258,0
1,0.47207159177366886,0.7681996510742123,0.5052849321936819,4
1,0.297168458950105,0.7621618755902474,0.4393762941659818,0
0,0.43516715452846566,0.7248561254093316,0.31340533995663794,1
1,0.365835491022946,0.11812179981282163,0.24793398031889557,5
0,0.3207643867236204,0.6991357599261142,0.3171689193355162,8
1,0.11738888520277589,0.7955110422201113,0.32145353246944863,8
0,0.1694719977468379,0.23513238070661835,0.3317247880758011,4
1,0.49227869482226005,0.4449108493809104,0.5190645361904955,2
0,0.209120455303007,0.6661877309394757,0.6088231885943312,6
0,0.4024866305810094,0.47839054289411254,0.6878710685170464,2
1,0.6245242750732917,0.475241443402614,0.3352787372438194,3
1,0.5963371269859147,0.5352837544118785,0.46306691028232627,5
0,0.1767773619366449,0.5773104831163465,0.5785726213400499,9
0,0.6118150237801485,0.6450834872202035,0.43694482765860765,7
0,0.4203496345938845,0.5277097110038423,0.6044824051440012,6
1,0.5467011682079232,0.7689659796797563,0.4828531997708527,0
1,0.6507838302541262,0.7347152735666312,0.5054513502427498,0
0,0.6635630870226593,0.5267104577007051,0.3951359790711606,0
0,0.448491333856024,0.15768220791829024,0.48200063356520917,0
1,0.3554595702950374,0.6437938725848318,0.2906704605827381,2
1,0.3659087391289979,0.507877905902109,0.21113703259609745,6
1,0.3073824182396711,0.49293788747755085,0.3214602578975596,5
0,0.6502133948131227,0.3464808238361058,0.3174440365581908,6
0,0.36448272638314927,0.6762406886093203,0.4686761490760291,7
1,0.34782728290532083,0.2552921818450052,0.5240426088321832,6
0,0.31710795828509397,0.39922191720428435,0.5011298438149484,1
1,0.5979686316747184,0.7895548875436152,0.5659266336799578,0
0,0.5551013943581137,0.25962017761673506,0.510071376192554,4
1,0.5559174607547431,0.5000094098117094,0.5615136539821253,3
0,0.2881202426760716,0.3813037304221486,0.2805811169334499,6
0,0.5093625556742954,0.22267123433835612,0.41119127381211285,8
0,0.6504556625488693,0.4005570823311073,0.2249076947651854,1
1,0.6901740356845368,0.6589349243426827,0.5549445956128112,1
0,0.2178881758564723,0.40627991000749974,0.48400984222684296,2
0,0.47753652262977087,0.14631468231623485,0.3355279079718123,9
1,0.3583338809071126,0.420020364642794,0.6816714825792767,4
0,0.3618902831454016,0.7732798292025556,0.3102268928206947,1
1,0.5593169025438441,0.29575041523421725,0.6462248697732467,1
1,0.2697697322216497,0.7912294040002612,0.6550510043408593,4
1,0.19054100998023332,0.34348297195758937,0.3390546707284514,1
0,0.4194794421950263,0.7834096080759899,0.5534389364419743,5
1,0.6837309570802034,0.6405793002541187,0.5462354406884092,1
1,0.21202481830496248,0.4386848385404454,0.4477255875914715,9
1,0.322494561306941,0.18660812415859912,0.5933960014573969,4
0,0.6880821149948685,0.6043501838154806,0.3464192838807789,2
1,0.3226706812199545,0.4264518156654693,0.43635085790462314,4
1,0.4015319874609652,0.41237509451103715,0.3539796067067136,5
0,0.30306751288515754,0.18991861069178073,0.5270427001025778,7
0,0.5186438792736074,0.6892203604387376,0.46030548752814776,7
0,0.4780755588389223,0.5220173215333,0.41115123283205524,3
0,0.5776821356440952,0.4867081434062501,0.3695493107624649,2
0,0.35285630445945193,0.1356414778924844,0.328491712729594,8
0,0.34155333880800903,0.46256377805244564,0.5894864881338345,3
0,0.3889178736669813,0.7719388427078646,0.6596823565684106,9
0,0.1362409296555137,0.13913191926289778,0.609596955641623,1
0,0.5047189440714371,0.3907040850152501,0.30148989374754875,4
1,0.18698440730155233,0.2426962002181837,0.4007374095019055,6
1,0.13708670795633876,0.6636839611212295,0.38314449382626925,4
1,0.20638722151459366,0.5256957633297243,0.22902942324773512,2
1,0.14134681353948159,0.35953967611707816,0.513724861624903,9
0,0.4725533095313871,0.24482702799635894,0.46840639491033437,5
0,0.26005436828447503,0.1856387794235101,0.3911675169174378,3
1,0.5216019527122076,0.6480704468766962,0.26782022595736,8
1,0.24871055533303263,0.6335006577964027,0.22313335694126507,9
1,0.39923817830992747,0.27964964157564975,0.42597395312065656,7
0,0.5067022132497174,0.5037796178923786,0.3636099421003892,2
1,0.21148028321331497,0.4018510215171901,0.31563946513041924,6
0,0.5434500942433612,0.3532098762380014,0.6455000542030301,8
1,0.3948254054219268,0.7382659665194579,0.6166504748770393,2
1,0.32332651697833675,0.7660086286744573,0.6550132662515069,9
0,0.39634967310265923,0.4994860973242137,0.3658825625892852,0
1,0.23295465205968363,0.12372755304414616,0.33058746626938007,5
1,0.5143418211166253,0.2806585019737106,0.5503581334570371,0
1,0.6170982727943278,0.34009424331495497,0.54421883955318,7
1,0.4872695476428509,0.7929704100523178,0.22143261013377746,9
0,0.5394848230781861,0.1593555324301568,0.44359542614297376,4
0,0.31962072420303367,0.662879446293583,0.6673967225944784,7
0,0.2838173093363443,0.18001519183863152,0.6428591086064619,4
1,0.3927049696075047,0.32064196994606464,0.21578843082099852,5
0,0.6594460059217894,0.4540310148295251,0.49974511586916115,7
0,0.2090118042314255,0.691919440919774,0.23286465622194363,6
1,0.4528083362983515,0.7249463251973092,0.6207714874085135,9
1,0.36690294332762574,0.6300269284721778,0.4010318000806712,4
0,0.37151066307451774,0.7116987623303915,0.3846244011129073,1
0,0.5115170340738822,0.407832487563607,0.5089608134911419,3
0,0.5065743353671791,0.44461696828118547,0.4829162334482115,3
0,0.46997433352423046,0.3389426099203855,0.21203770311732156,6
1,0.3393014563237,0.15259182239259275,0.22736895360553672,8
0,0.46728332630636416,0.15415971918745597,0.34123814381028106,9
1,0.3288098310173564,0.5928172524770964,0.5900516522639601,0
0,0.49806078914868734,0.6322886968242991,0.5982750382074128,9
0,0.39793861900453,0.7379761324888383,0.5564326735732678,0
1,0.38285573136645024,0.49209434086630055,0.5151793718061776,2
1,0.20417936288677013,0.7635543463238628,0.5725556559161626,4
0,0.6395708318615912,0.5334267356109146,0.6679561248275753,9
0,0.6066556180461414,0.7378542026402937,0.5718179975039168,4
0,0.1617536519510431,0.13792681904844636,0.6425210109781809,1
1,0.18020429040407365,0.6187445671725739,0.6309083240161562,4
1,0.4870875891495322,0.11311459808979121,0.4294673611588219,0
1,0.6622925366718189,0.13994246958406978,0.2630232716552461,3
0,0.21410189720187928,0.16640497072283342,0.6002538531191571,1
1,0.4151554897149585,0.28272252376885776,0.29294676742421727,9
0,0.5559947156898027,0.4048324353903092,0.21823959695074763,1
1,0.12131133599498084,0.4755977392815651,0.4190033421338333,6
1,0.572897403626356,0.21886697699067725,0.3896708055583221,0
0,0.490314314048823,0.41341536330919915,0.47441262599150186,8
1,0.45598633740765926,0.6821713697982048,0.3743743025429347,1
0,0.5991062793649652,0.7585730147892745,0.34494822053756147,7
1,0.3618400993809707,0.5281776274699165,0.692783748469721,2
0,0.6754566991820489,0.25661944340503673,0.5822232045235507,6
0,0.4393522901405219,0.3322761791250304,0.23943866943768666,0
1,0.589545639144724,0.49372568191194033,0.46007636890340053,6
1,0.4179070747413064,0.4413975864593618,0.48684964315707974,9
0,0.3548562088471583,0.7794288587308201,0.3826485525777882,2
1,0.511299539089776,0.5856400872858546,0.5617462499918247,7
0,0.5834650036410859,0.4858018511815565,0.2264793841657904,7
0,0.5688603959862856,0.473995081041384,0.4540735686334548,0
0,0.4393992025116842,0.2079219011197399,0.6680985497048479,4
0,0.344989845697804,0.7274604531403572,0.37093712025882253,6
0,0.385192551026705,0.38256522196432763,0.5824881807451833,5
0,0.10476367214150129,0.10018607468068103,0.3629191770127064,8
0,0.4008544741197946,0.40426692376877904,0.5424446062136702,0
0,0.30289029419232905,0.5676593251815651,0.4064414523735518,4
1,0.480145829592295,0.3091140558187754,0.21232240021854565,1
1,0.46487539250828824,0.3281858162373166,0.4912572413067142,1
0,0.329181701685728,0.4353949199834919,0.6359807941687365,7
1,0.4753958605514855,0.5109861698430882,0.45275918557313677,8
0,0.11878542883930983,0.25072022285763795,0.35606053298216334,4
1,0.5554096330685614,0.6843879473091161,0.5022028196403467,7
1,0.29704164022021906,0.4682072937132642,0.31126001569583367,3
1,0.40692879987894515,0.1954525987107016,0.5663522307215388,5
1,0.19744968469143248,0.536021205715233,0.4209925549099137,0
0,0.14725827113306844,0.1316627524044688,0.6779967804312961,5
1,0.2128978797658152,0.41204100061171656,0.21763362394409952,8
0,0.1816068320101184,0.5049496910910392,0.586861973508104,8
0,0.6254128188087794,0.457896967501939,0.35982535886171885,7
1,0.5056820853963206,0.7588597006661869,0.2898870814218958,6
1,0.6604460101571171,0.22336648159871403,0.3118193950094561,7
0,0.49950064578716014,0.23348921071692919,0.39818475512366003,3
1,0.6151362711279743,0.7813687701472216,0.35362769217249856,3
0,0.29433392417532045,0.5339513383193033,0.6982022458103427,4
1,0.263512665072488,0.6166333345021403,0.5316320254800462,0
1,0.42251691308226846,0.6051214328246861,0.5857370227296392,6
0,0.20209595567741093,0.125414242721729,0.3496166196299598,6
1,0.15098961836406946,0.2797446954709341,0.568064155942775,4
0,0.2714494130611731,0.3467576343692387,0.4517256134899102,2
1,0.18215118289814938,0.2856304233639765,0.36185920787128945,9
1,0.2655322670606984,0.13935965500527253,0.2279793173198013,3
0,0.62021660861515,0.7932247397062946,0.29356570612235156,5
0,0.510785460365291,0.7554120714938631,0.45274681017649376,4
1,0.1071538865294872,0.19470832832130916,0.6886734301809003,7
1,0.28192085553695023,0.2893203299095689,0.652244059596865,4
1,0.18678313251607875,0.6785201545655396,0.44476928131527316,6
1,0.36112731934732323,0.2596563609182173,0.31846765722911474,0
1,0.6854023021408944,0.5307478590505306,0.2837836022773173,5
1,0.6266051040380022,0.5478161216195091,0.5592707043988698,3
0,0.4189984595047448,0.5511930261516425,0.21203937344420798,4
0,0.34633540143405817,0.19667879031610963,0.663078307811802,1
1,0.5512272329399199,0.10355242652205711,0.43582230274444556,7
1,0.578620181152287,0.6642732781177639,0.21752569116640647,4
1,0.19834493884150986,0.26401370115043227,0.3531397006033996,6
1,0.6972009342377193,0.3848345062652132,0.23049675282259252,5
1,0.5081023518283659,0.41053968018044007,0.37282023010425724,1
1,0.44517224810075706,0.249786126417419,0.5676818358723262,8
1,0.4388437386650681,0.6068268338128452,0.46168755073346013,8
0,0.38686964997041273,0.38140435161340636,0.3041811659226827,0
0,0.4281592904972671,0.6087714452142271,0.215289488006291,2
1,0.1702482978758484,0.4978907688629388,0.28029557602980476,0
1,0.5714960322306112,0.46975097496753204,0.5127779040881629,2
0,0.6224993171687275,0.28532138890467423,0.6808017032462678,1
0,0.19362604322431765,0.2893915005862242,0.4094928805914221,8
0,0.29114475030927256,0.4367657098320882,0.314940131644264,0
1,0.25756185999455455,0.7624811451136815,0.5553373950947612,1
1,0.33792001168910524,0.3163245979673732,0.3240618207970507,9
1,0.13520871108058558,0.614775206401179,0.3814204532281176,5
0,0.5763378209468677,0.2493248037461409,0.32968307101507477,7
1,0.37311786989316287,0.4473342201966425,0.4716342129348903,4
1,0.43471234190302677,0.7019440071189255,0.6618565186504941,5
1,0.51243787306882,0.14313481067585124,0.5823367474140504,9
0,0.13261116577671003,0.7158446869929693,0.6139936428729622,6
1,0.5460477313837508,0.5388051347359484,0.3132561303123915,8
1,0.6772566134162535,0.4187986386167285,0.5877989194993013,4
1,0.6822746576852597,0.5059728590296992,0.31693746900544356,0
0,0.637322744166791,0.5927694000928785,0.29882836917091676,4
0,0.19684430082460738,0.1645713693832086,0.3875580675378355,3
0,0.6518739551941534,0.11211422732491326,0.6418060774095025,0
0,0.26823759501802036,0.1668670922924401,0.5202038620440528,8
1,0.3673315578199656,0.16470659691936484,0.48422834337080056,4
1,0.4253400922317454,0.47160497750241814,0.5556291545832152,7
0,0.44589528814297263,0.5077274081560623,0.3340739889182539,3
1,0.32773516091176297,0.5764210562386047,0.6656060081371284,0
0,0.5865462527348021,0.5232301800377425,0.21843072962565846,5
0,0.568592968516597,0.46046771342758797,0.4187605914168887,2
1,0.21845077405535177,0.7229033934253947,0.3601661609198259,7
1,0.5085955031381402,0.4152364835042148,0.6401773377126567,6
0,0.3104886392173108,0.2230416243610994,0.2782868298336587,8
0,0.5807044935639548,0.7063682555794261,0.340171219774524,4
1,0.5765688020199323,0.4227178449120266,0.23169260784460466,0
0,0.42466603843887196,0.4048458434391643,0.34999320863167505,6
1,0.13478694051690457,0.5420969514603663,0.30562902332737824,9
1,0.19182811050293969,0.7185364858188005,0.6043336723962156,7
1,0.299410885828027,0.19522179400450554,0.31816744502017374,1
1,0.6640365889181663,0.48383676516335505,0.2738821765908926,2
1,0.4492626887689255,0.12307202959932495,0.6810088404907526,7
0,0.37950306795637734,0.2821025907957705,0.483813570170148,5
1,0.2878327419195352,0.2329128321137821,0.3162112807721986,4
1,0.3391494735985007,0.20064596230312684,0.24246315318639766,9
1,0.15490158075474253,0.11480781389076854,0.2240942741310603,6
0,0.5950801599289843,0.12528552444052776,0.485283178328256,4
1,0.4195306002071014,0.7679883076943592,0.33467606734150057,2
0,0.3930062867816624,0.7921263712290721,0.3836472877383025,9
1,0.5686473041021688,0.7162279527026983,0.24704541661473767,9
0,0.5864606337929745,0.1890247638484176,0.22078769062814363,4
0,0.36352930921169224,0.7442344189079799,0.4932940111521016,3
0,0.11401108533557247,0.4017833615507198,0.23803971050884482,6
0,0.5511379811844097,0.6412838294217803,0.22954677399268564,2
0,0.5198429393548086,0.26658190848162017,0.4655216924659138,0
1,0.16804184390588542,0.2548971882982254,0.6293386959851425,5
0,0.2093462038363717,0.3929487651410023,0.6613788832467662,8
1,0.5767482479094996,0.10224896525557126,0.39593828830224587,6
1,0.48718389570703957,0.5206975256180235,0.3901647855843814,8
1,0.15546031071619365,0.15456167544828492,0.2037869170168508,8
1,0.6073045486357177,0.5784534575752004,0.6528556511032113,0
0,0.4542369583190098,0.368193515433913,0.20809264841677844,4
0,0.19990204258014593,0.27903529167612473,0.40056199165746786,4
1,0.6729458423141984,0.2408149149499946,0.31070972413417924,2
0,0.6987318569536856,0.3339431103073508,0.3971175381619565,9
1,0.2079473162807945,0.4389136356675426,0.626065394189374,1
0,0.5574393109661534,0.4731717906380565,0.5081556925556321,0
0,0.24426007747094802,0.3392869384624855,0.6760795318429489,5
0,0.15106999756577708,0.7654963239323361,0.38271809888751906,2
0,0.2127395176079762,0.4924226877343524,0.23193577515524172,5
0,0.668193791280194,0.5752487881956336,0.43724092917193225,6
1,0.17099890733903533,0.43590487141937706,0.33110053870093215,7
0,0.606521735372881,0.42064012940734563,0.41523181876379767,1
1,0.1192380898336266,0.3250871711252762,0.39417253901907423,7
1,0.6652013319827489,0.12942173313998298,0.6990198385942897,4
0,0.3224223493504591,0.5136307634301414,0.2377657707334883,6
1,0.4734181415123183,0.636150420981006,0.5884585193298459,3
1,0.2831769467783751,0.5944962696145029,0.6351886329796387,1
1,0.22308075639093844,0.2908666091843398,0.5284069939030498,6
0,0.5818567740094963,0.7812140925990357,0.48340378554511393,7
0,0.6434746586042449,0.602314043831109,0.5997530753646698,1
1,0.2931684050544751,0.6072588752511359,0.6598268891367123,9
0,0.5862243427534767,0.7345913174178774,0.33976608641151573,2
1,0.5368864167803121,0.44433447020891703,0.5692299189448644,1
1,0.39939870771730557,0.17888380974244833,0.2798763389062514,5
0,0.5961869512801447,0.3742474347447331,0.6870296976726549,6
1,0.5952142522789728,0.5733588107119907,0.686281570429695,3
1,0.5446128937580847,0.5313989730300654,0.6398174910353538,2
0,0.671281907900952,0.624190645794065,0.6972323543233986,7
1,0.6197961269197771,0.7155033470952451,0.35959129685069435,2
0,0.3731103451019874,0.48315572273890117,0.6780225156078399,4
1,0.46217713365936874,0.4799233502477147,0.2438980576645597,7
0,0.5710380118931886,0.789839199359342,0.37947863565902173,8
0,0.3656843229820246,0.7582234377308682,0.6579891146389206,7
0,0.33196546541086946,0.6747580494173168,0.4136955541976989,1
0,0.40520007711314465,0.7797462534260723,0.6677885324166346,3
1,0.12180950453707479,0.7292407006018867,0.3251567454583556,5
0,0.5121206695646581,0.18857930767030956,0.2174119931260412,6
0,0.3736177096389741,0.6228658296778088,0.3548126384500351,3
0,0.16130047365283273,0.6948484947388811,0.2211184500787367,1
1,0.2028171800935921,0.6182586833509369,0.5634275458661583,5
1,0.24599311472144295,0.7068543991109076,0.4387142471092178,0
0,0.4618457105332978,0.30292703847027,0.4655841991835711,8
1,0.34757461990803973,0.5664702974233568,0.25699957054270606,3
1,0.15964853833848447,0.5747273462165323,0.5981486630998645,1
0,0.3256469454144504,0.12522063230143218,0.4461664675044653,5
0,0.5784618056300881,0.17880870510211438,0.4583926451905815,3
1,0.381769357868177,0.5571985544062382,0.44244280223452115,9
0,0.3110176927413194,0.25680935355421886,0.5197874333530623,6
0,0.16155321276778603,0.5790908089644901,0.3752949107982564,1
0,0.22974574083277965,0.5812053763669754,0.6007207215421781,1
1,0.17358447491459605,0.4101704702827881,0.6694265885294994,9
0,0.5845105825397405,0.5320931371800751,0.6869202493776552,8
0,0.6987314757473734,0.42207842311114907,0.31204045361953214,7
0,0.16936001039780424,0.16713954828551467,0.45313752892288856,7
1,0.31099954624577514,0.1687318395708131,0.652512779493206,8
0,0.2969859117122722,0.5766125796880747,0.5403524315306448,5
1,0.27873086187738627,0.2709288416145884,0.5296812228605268,5
0,0.14574612179307628,0.26436741077880543,0.3275011377105089,1
1,0.34661637171623794,0.5101863616291945,0.6696957868659976,9
1,0.5639521509977712,0.5468714450977141,0.5924928934920485,7
0,0.12216190330478455,0.5062755586699221,0.46536219204414775,5
0,0.45027163699524964,0.7509776361754241,0.5534531635268631,6
0,0.3992470177739883,0.44786528640946754,0.39138438743319126,5
0,0.2927164154083356,0.515810285929769,0.25726839482242164,0
0,0.5497701333296049,0.5448752302996421,0.49461960849662057,4
0,0.1569632538784017,0.5366676598544828,0.2200149338280981,4
0,0.497156687506783,0.6180608327756812,0.3450317568898895,5
1,0.4537615303790651,0.46572213639774007,0.3995168775378368,9
1,0.52380789586766,0.3516712671923503,0.6284463864966763,4
1,0.21965419211317047,0.7743177550109644,0.3164054873418689,0
0,0.4579984753594667,0.1351504578179335,0.6377162102973248,2
1,0.5727279874020091,0.6671426874255747,0.3856592669444012,8
1,0.16616628176144313,0.4963722702481046,0.5996483803238304,9
1,0.24709271213843503,0.6310798730875655,0.201066429515603,3
1,0.444571801437292,0.6038098361115111,0.3480806615882759,8
1,0.11142119276654568,0.7463698629508013,0.627147938472457,4
1,0.5273551414649449,0.45199758408534774,0.2693831354146594,9
0,0.43886376447165876,0.4435218214505857,0.22011342646869875,7
0,0.6774206890860306,0.6470193062299926,0.6805952163829747,4
1,0.656077851172328,0.15674133915773372,0.672927761844755,0
1,0.6288929200693995,0.3669984753667619,0.4403044410773518,7
1,0.2763740521850002,0.20220220828172214,0.373678496147858,3
0,0.5256534410498312,0.6450128246194919,0.33333622346170877,5
0,0.20905611145676598,0.5584311457133682,0.46277684309538386,8
1,0.6135684538789651,0.3649934471143298,0.3462907354353485,3
1,0.4911324679005209,0.6253363428522944,0.454634041419316,2
0,0.48713926684169284,0.7539556215398281,0.3626480855603821,6
0,0.6050304068031706,0.1379333999206016,0.4105044088596941,0
1,0.6346500128323334,0.36999403650544416,0.6991425455279189,0
1,0.1002387254256705,0.7163644098268833,0.3526786505329319,6
0,0.2603118506758592,0.23791400423070788,0.38657335562798545,0
0,0.5261962640395957,0.3727834262152908,0.5450621497106845,3
0,0.5155365656057465,0.5281479455733729,0.23408664242950483,9
0,0.6161027395303359,0.6360824482501403,0.3130018364978155,7
0,0.2196455856508318,0.4066469200040719,0.29328097929793157,5
0,0.17411335827873575,0.467543683548875,0.23655319205876135,1
1,0.37286757420990024,0.6239477680615731,0.5841321118747154,6
1,0.25391911043342125,0.36101351263609005,0.4925818806168088,5
0,0.17551554844256007,0.4449099240324105,0.2777893050805356,3
0,0.2333536587477548,0.2360543761796227,0.24949706959397644,5
0,0.6352079516428865,0.30930989087164307,0.6467843499769739,8
1,0.3679785954962741,0.49145818771725536,0.4530962397951447,5
0,0.38871966409737657,0.47893822737332226,0.21809719704777736,9
0,0.5304541518544937,0.49433838130199015,0.639914981167983,2
1,0.4026903417476938,0.247708458639525,0.5094630176566117,5
0,0.35909771040599314,0.6934695509321789,0.43753011428757016,8
0,0.5111875683916766,0.48881018528690157,0.4234283875333754,5
1,0.4049840839234592,0.500836282643189,0.6606436998314626,2
0,0.3774305343796881,0.3338044370982601,0.28247126287460167,7
0,0.15009063842908554,0.23494655803384135,0.631595118712187,0
0,0.18844540802070853,0.23695649600810892,0.218171493737974,7
1,0.5106551200598455,0.7927404862841296,0.6856264749327685,2
1,0.6859764798688547,0.5620311658350879,0.6810932643147485,3
1,0.6728207275264073,0.46247597412440467,0.29486128862226535,7
0,0.4321877607634249,0.1146401648295639,0.5581184055334505,0
0,0.29089567969972896,0.11593444767140304,0.5945433128211917,9
0,0.11139372105304697,0.5424788055379746,0.23314990155877502,9
0,0.4116306610021999,0.6369498705779392,0.4964361199251238,2
1,0.531048217619486,0.25052629109097235,0.6355373204726318,1
1,0.5165268325679054,0.10984392686180557,0.6566306663668346,0
1,0.3375022955545225,0.6150413554588584,0.5965954681445733,3
1,0.6536454134513305,0.3991801468545485,0.5851378292317594,4
0,0.3395012160514733,0.7283359488264611,0.6281027837220968,5
0,0.29923962081649946,0.36795750813622563,0.5701154145639518,8
1,0.6811777476555312,0.7511575677660512,0.5477237538701345,6
0,0.5140008096689336,0.7953897161281096,0.27729388247554654,8
0,0.3974909996633742,0.601255188855816,0.3687603305093199,0
1,0.36516361527569674,0.15417310495540124,0.35677559169031803,6
0,0.25797399457139897,0.767825259355879,0.45569940236637996,9
1,0.3465557695124398,0.4495577491901588,0.2392559433992988,7
1,0.622527699229137,0.4479519733423817,0.4838830694297097,6
1,0.181642614660304,0.5521114612615111,0.4016102069594992,4
1,0.32191352949135665,0.46945725352197254,0.4719867080380515,0
0,0.6161422359300366,0.7566160436854509,0.6932920128498719,6
1,0.25672576403373815,0.31544328641620456,0.41874064357740526,4
0,0.524623279979611,0.721001759676364,0.26107162537606565,3
0,0.3067907039176604,0.5952637510325213,0.22049317387408945,4
0,0.47078327087339455,0.4601413177547583,0.2383313178465047,5
1,0.5967876480757406,0.34989179044104457,0.5090240446341323,3
1,0.27599881705499224,0.36350738200473687,0.3010997159774512,2
1,0.12871601507395997,0.7684383256752821,0.5757881141745103,4
1,0.5237567397207797,0.32082259622735,0.6829660486167604,5
1,0.5766376864605003,0.1787153335402644,0.5853826492385973,8
1,0.4548974093555884,0.6614537994544204,0.5438905479327891,3
0,0.2587970128439513,0.3326012056723051,0.4191553928007097,2
0,0.1025234249586732,0.5971940431720129,0.24669301179256836,4
0,0.2157127894014983,0.18669601280450218,0.562505613810077,1
1,0.5137086579006577,0.6800705761766329,0.5202890854748887,4
0,0.22450220959177122,0.5234179061387823,0.6676438846414685,0
0,0.4460350681327868,0.4657629105552291,0.2552793669909734,8
1,0.5075472187329881,0.3876366999767684,0.5018455382093907,9
0,0.5852122200155212,0.11357788877842966,0.560502365953833,5
0,0.605926159543351,0.5540410822719801,0.3297303948458722,7
1,0.5639181154703392,0.1111010427253594,0.38179170194104284,6
0,0.6027615277727506,0.16845616218064258,0.2977089649064435,5
1,0.6021208226619722,0.3815405351398927,0.2673908407544494,7
0,0.5013474513164984,0.23030995129376172,0.6148678170013469,5
1,0.4300658314640806,0.19085106659917267,0.5037968217987767,8
0,0.6216064559490342,0.2951420376570289,0.27677917623400133,5
0,0.6889794255386508,0.24917226123437405,0.40131329523743864,4
0,0.2501717129324394,0.5348203566604084,0.31972677250125636,8
0,0.400047147775873,0.6724172153038719,0.31260846192145914,4
0,0.1254184566879853,0.7775840892497276,0.4712150894257303,7
0,0.47222724382304704,0.15329347685552056,0.5731408238330672,2
1,0.6689990405032008,0.17446852613648645,0.3397739933467897,0
0,0.413545884233813,0.5635950360799493,0.2474497521589355,7
1,0.22696732202074713,0.15844406564127067,0.5624939673951226,8
0,0.5927572395826557,0.6856685066700414,0.36261387918391286,1
0,0.498194290043645,0.4680918009890641,0.33493670198865466,6
0,0.5385497917017792,0.7296424265470036,0.4464829549089978,6
1,0.23802970687862107,0.7308694212839064,0.23313646086460937,2
1,0.598365480055244,0.45865382130045085,0.5631128747893155,2
0,0.45881552443130813,0.14206170920530928,0.2783881457394104,9
0,0.68268976507696,0.1195825830822674,0.6033920858564563,3
1,0.1180403721134167,0.23534801689657806,0.4712665968810992,9
0,0.60676515403905,0.6142747796876039,0.5804044821371195,8
0,0.42237023711011734,0.12462669114275167,0.6726145925524589,6
0,0.5948983596419096,0.16816732635740675,0.4408611315746598,7
0,0.26536293957642504,0.32128080520574387,0.3410648069883063,6
0,0.31403043716890117,0.6100740651251529,0.5957218428680024,5
1,0.1998021525358114,0.5031861494162645,0.47364113803752095,7
0,0.3063410783522905,0.5425418322742628,0.28209659529647946,2
0,0.22728356587045748,0.11344632399784822,0.32656604932951516,9
0,0.1894379323804426,0.6328731421282117,0.355517324355754,9
0,0.4440113318915895,0.7661541283637996,0.2875026951375105,0
1,0.5994903619392483,0.17921068590033779,0.3118322393074521,8
1,0.4622689267914579,0.5314392127278773,0.5710485254081354,0
1,0.4880777667518371,0.1796975163712551,0.39476466232062846,6
1,0.23611905334137556,0.15934624147974677,0.4121352906337896,7
0,0.5260589952534657,0.20934511347488227,0.40963384423797444,5
1,0.1562619777266703,0.732160637896269,0.6759051719050192,3
0,0.4490119879151565,0.7200584220852871,0.5684528344675271,6
1,0.12513148724416998,0.769845082495617,0.691726232993551,1
1,0.19559555513900234,0.635012291601505,0.6216996744151271,1
1,0.3695240982231327,0.25897427548396146,0.2806785907330225,9
1,0.41366852640015683,0.3032452161617002,0.6857446099168896,3
1,0.46217267148285257,0.5575363113822736,0.6751568921736975,5
1,0.16037326620897335,0.3039259204268633,0.32528144006903237,6
1,0.29588219736905097,0.4860951676066074,0.45049091130513313,8
1,0.5013882444483183,0.650972209528471,0.36080943196004933,7
1,0.16170567798293875,0.4245212822853207,0.4761876976976328,1
1,0.3906753951011447,0.7825734904094886,0.6085431608468688,6
1,0.29084516781512254,0.7767670269295766,0.2297732735002248,3
1,0.16606634176529056,0.6448224081728866,0.5360605617496581,5
1,0.6695349162603931,0.638023062307665,0.23865453311580725,5
0,0.3681377914518157,0.7459730522472008,0.4918499586695758,8
0,0.6397646271011068,0.717393945077921,0.4720281858279347,7
1,0.15585976235934215,0.423954294039008,0.5465871655297707,1
0,0.5571283480129768,0.3615418185717604,0.3339710014853855,7
0,0.5262697100505723,0.487233042976036,0.41009580077155117,1
0,0.6055903581601898,0.5183661808019536,0.5303580142116697,8
1,0.5675448278336968,0.7625006798597536,0.6872877573857417,0
0,0.3349486103382784,0.364998015837005,0.6918732775005936,0
0,0.6854688157026063,0.17128474822592615,0.6517299156535348,3
1,0.10123355083807012,0.1546066596847979,0.6478352457893858,1
0,0.47058284663408767,0.30920961479742676,0.28866713893903806,7
0,0.5689059548920671,0.5389773046617392,0.4306175646518965,1
0,0.43246682951658477,0.3183317858165503,0.4203338053995229,3
1,0.6349960174775904,0.20727908169459416,0.25841013394818385,0
0,0.1234264806236526,0.2615539543913502,0.28657067309080336,2
1,0.49554480652420396,0.6326250990551492,0.24678085058969196,8
0,0.377680780941282,0.4201426843194169,0.3690616952405007,9
0,0.28651127375712676,0.6521188577568532,0.30572498504248063,1
0,0.36414396433364504,0.7961634142819427,0.3514370993143462,0
1,0.6825251024467494,0.4208213619933867,0.5218088917160302,6
0,0.6252756450890968,0.1887633141959703,0.5852147786782899,8
1,0.5319349318505437,0.36666896352566447,0.33911286933073304,8
1,0.23814274532633897,0.13878273927159415,0.444518322986062,4
0,0.4082250714755733,0.10240897824182849,0.5127205061276714,1
0,0.1976056469508191,0.3144397395360071,0.4893686945545545,3
0,0.32354342421545906,0.2692778757831379,0.5393072404319221,5
0,0.31349943047275736,0.31012747429379517,0.5048128795971831,0
1,0.35516823176747536,0.7546175493112781,0.2873387298301173,8
0,0.38867503866075637,0.298321138081435,0.3465352638672782,4
1,0.6547045800589508,0.5798227332496441,0.5771258346056989,0
1,0.47277138137353436,0.5677996400406807,0.6581810674199268,8
0,0.6170194049085794,0.7749897289841937,0.30790705680398567,8
1,0.6650286752039756,0.311994678118132,0.4229512686575224,9
1,0.46710177770274663,0.2920092118947299,0.35094456715524613,0
1,0.5797052648612409,0.17593251397105497,0.22351369154153422,8
0,0.6347901996824724,0.18156949759748664,0.6779040602102717,4
0,0.5049108063517533,0.10583137284567457,0.27566411563765447,3
0,0.39904153728627734,0.5521620085428217,0.44138198472721135,6
1,0.20156729326516643,0.5694130038262729,0.345264942987641,2
0,0.10016876477832917,0.740033396754314,0.5440054336710789,2
0,0.1788782120397288,0.7104720137718472,0.6987221050632603,0
1,0.5666753544363653,0.3246188489136753,0.27452105153658557,9
0,0.3797266655646646,0.29839372766937666,0.2660619476931395,0
0,0.5171864415868445,0.7801927734690111,0.26083384178224167,1
1,0.253389081634818,0.7503381660287184,0.49799507171637186,4
1,0.4311172756028865,0.6331778726751569,0.54658438204673,0
1,0.25969483842037394,0.7979236761071115,0.5180190344532871,7
1,0.4479081358923275,0.23025983618975157,0.2944778505824077,1
1,0.2131693696207879,0.12989230190961917,0.30058043758178943,4
1,0.6935312313587155,0.5090768069283675,0.4352548248960514,7
1,0.1399587354623624,0.46674115921638903,0.23854202528409396,4
0,0.13524156562053433,0.1699877497793178,0.43219990327528524,7
1,0.13932894150025102,0.1110573580439545,0.2641336863140797,3
0,0.44029061449099494,0.15867796122702874,0.4785297275185051,6
1,0.3261740867924132,0.6136115762573423,0.6002243137236281,5
0,0.4367051331884113,0.6505829746945576,0.2683898132117362,9
0,0.2834081155942793,0.12194176215555447,0.2400343868222065,8
0,0.3906845970750449,0.14228738140696717,0.5114398689708697,6
0,0.5294758154228904,0.23504797574949757,0.3214967977984534,3
0,0.569375230228326,0.7487164814238023,0.5700732557382733,1
1,0.34008849291469684,0.7064845414343731,0.2506260669466615,0
0,0.2735364440963211,0.39155302801765013,0.31343854978535635,8
0,0.315623065369345,0.3509141292583604,0.3705306201690206,6
1,0.1582018057197873,0.5738582164895817,0.28336124753162045,4
0,0.5595472047848272,0.4714772599863988,0.672096782203344,4
0,0.5224494467359095,0.6555714832546492,0.2960812662437471,8
0,0.1465683323791496,0.6516578561713247,0.321658214218911,9
1,0.2924224831735159,0.6289067313167598,0.2123317147533213,8
0,0.4214773655360644,0.6300321699951059,0.6122470945330243,6
0,0.537417362663575,0.6365548367355754,0.6271063468876854,5
0,0.6091055135740713,0.7635362845657809,0.39694086996624744,4
0,0.3977056115067734,0.258205875283672,0.5082587705155368,5
0,0.1338602775909315,0.5495032263162256,0.2737716072307367,2
1,0.26073767488546884,0.23571896657411504,0.4666341054948166,6
0,0.3410312857264066,0.4643484428381499,0.31756495604755364,1
1,0.31100392810815036,0.10542279476448034,0.2832325110647182,3
1,0.41543551227619124,0.6309858775499282,0.38543329322424535,8
0,0.38119428603459526,0.2292072245337825,0.5477603423039421,6
1,0.4985208419700835,0.28292745062853564,0.34747580417655843,1
0,0.15966879578129428,0.4769228789048412,0.5326215646855033,3
1,0.6429516127633575,0.5774533867482893,0.36644764862674906,8
1,0.2695147930093983,0.1251082355708928,0.3347719690568496,5
0,0.5587636157058836,0.5318711130228855,0.5998014251082924,9
0,0.13945163098073837,0.4279583331977833,0.558454843764645,4
0,0.44668250282368804,0.10004048635266768,0.3443718248000418,9
1,0.10987166846415215,0.6292022321227593,0.5881732761837536,6
1,0.5504210841744289,0.4725324004152499,0.5849431867952528,9
1,0.10837410493857308,0.12323127277541196,0.5774057207673216,7
0,0.2046230053130828,0.489356466996567,0.29983090609230606,8
1,0.17728673046236798,0.32659988505892745,0.3475822607497836,1
0,0.4643380577347911,0.7802135228805988,0.6104392033411288,8
0,0.2744823383551842,0.5558001859902738,0.6641632993988462,0
1,0.21557224592896712,0.7157490141445991,0.2875343727685839,2
0,0.5049432995691908,0.41727356543846794,0.2099341943304459,2
1,0.2227051626192918,0.45507468613856616,0.3196297885296331,1
1,0.12219880691511174,0.711158884229351,0.37843156975417724,5
1,0.68808197271217,0.5073791219793194,0.46348794787285025,0
1,0.32554189795598376,0.21232975443945032,0.6784843296686389,4
1,0.30503305195338754,0.5185730090815224,0.21618769770294838,9
0,0.600726395855413,0.387648974652702,0.559345015947686,5
1,0.40904901812780603,0.32775232691636735,0.6062633850814998,9
1,0.2850020081147176,0.1035766405679359,0.24499359568949347,4
0,0.27462615413815716,0.673462953066494,0.5182751674030559,6
1,0.6444612984874141,0.7149844535945828,0.663671461186522,3
1,0.3693543075034632,0.5510139983076819,0.21341243831912515,3
0,0.5710806238864217,0.2110118761824113,0.3581053966737926,8
1,0.6252821415006797,0.7042176873579228,0.4095003100206116,3
1,0.16108934911456552,0.47619899630744256,0.6049044434563648,0
1,0.6926757636923013,0.4361928119103169,0.2695178171599557,9
1,0.28621377895679345,0.4079346397137511,0.41336224581285175,1
1,0.20949439085089033,0.7282412563622648,0.6971986891470717,4
1,0.5492565219640664,0.7698814567551149,0.31524237932214344,4
1,0.6208566440749168,0.7123212231995256,0.4006788487399956,7
0,0.5430548349561014,0.19644638833916328,0.5522227415514829,6
0,0.5761648487617558,0.7932721925886376,0.4967158366219895,3
0,0.17380232072523633,0.30553901333365374,0.6740131907528071,1
1,0.12203811407257215,0.16618727258468197,0.6955143402287725,9
1,0.5446297623806501,0.3304606421245284,0.32648928159691215,1
1,0.2981093318181472,0.492278780540096,0.47529281415012903,3
0,0.5530070221854786,0.48655329790622315,0.4739923137459109,3
0,0.4094075901676283,0.18359845804927666,0.6398221329562469,4
0,0.20145757330028838,0.5601122352475457,0.2665171734803174,6
1,0.5090515565779548,0.10843022311051137,0.6156807732106935,0
1,0.13666483955235062,0.7336459239840998,0.2282459364194822,1
1,0.5156386322331322,0.276171414345433,0.5369800755999304,7
1,0.561004391779976,0.5499886955291862,0.2645768465051486,7
0,0.28607393906245326,0.6069531807427523,0.22101496553308364,6
1,0.2677888495651237,0.6888601170088817,0.3496947758130613,7
0,0.3421292523026598,0.6660428409826856,0.5463547533978743,8
1,0.24510827739835822,0.5440232551578457,0.45708379121701553,0
0,0.4233671288262665,0.5672135531561657,0.31127974234570666,3
1,0.5566640886061007,0.2505933890128269,0.27540373496017084,0
0,0.4316930359079314,0.5850693599936573,0.2744219958127409,0
1,0.6554692496463487,0.5434969096216304,0.4726432832904711,0
1,0.1308514253058251,0.20954985667632314,0.6595985237609847,4
0,0.6297482460643175,0.28632737258136776,0.6906191722796837,5
1,0.6785996332079827,0.38688990533336953,0.27031336816451906,4
0,0.5799410436791806,0.776452502837508,0.3034350106216073,3
1,0.5205653598037887,0.4301791214603823,0.3409847807979496,6
0,0.16379458409625564,0.47903791462030787,0.4452916797196199,0
1,0.2892500778004351,0.6653764986607683,0.30889329131227317,8
0,0.42397272275744835,0.27737243082813334,0.29279653792024507,6
1,0.15962470349109018,0.17308998992851252,0.46145026548298973,5
0,0.47764724096426026,0.5275381466925598,0.6998138089005114,5
1,0.6805892099067349,0.34316308671782414,0.5530464610918591,6
0,0.416661520152282,0.19615744716122935,0.24842476414339987,2
1,0.14624147456823902,0.38405777887361414,0.2693817503484944,7
1,0.12896314807524217,0.16762785384825873,0.3486519774028466,3
1,0.16097487738644806,0.4501625968399269,0.6522437459803662,5
1,0.41615439396250253,0.23991375166985637,0.3000274143476408,5
1,0.10100022548210155,0.6344708097123128,0.6346128238141107,1
1,0.24654401401149245,0.7111135904837902,0.6790141872350406,2
1,0.18047568967958907,0.35122868379701466,0.3386063415282472,8
0,0.21902606081623097,0.33773848518015015,0.5671971634771242,4
1,0.5033589971680542,0.18197763920799898,0.4933123856468962,5
1,0.6266021958661545,0.24465507363931482,0.4048859129978749,2
1,0.32811293387722107,0.4445225275529665,0.23670108875820522,4
0,0.20366492147473964,0.4338552624889608,0.6464921548718203,4
1,0.5160811320498868,0.28673759261760723,0.5159495880545819,6
1,0.45431170019206735,0.5960482252942366,0.4254025190571271,5
0,0.22600224152588935,0.22656276201707296,0.573594595489463,7
1,0.3998374015876628,0.42432491551967144,0.33788451636959216,9
0,0.15476703158265298,0.7551699859558473,0.37741270496263923,1
0,0.18649614529750552,0.22535135209436533,0.5473845559429092,8
0,0.581881939136533,0.5207913668760581,0.5248916507763148,1
1,0.40174162709740957,0.6227451110481533,0.514065732426876,7
1,0.37523922875440086,0.11105439563698714,0.4967445688650132,2
0,0.3282120593498943,0.21375067016455995,0.32704314935278833,7
1,0.13362617245678632,0.5803551446086531,0.6674971938995262,4
0,0.2703992583818441,0.7031041499826609,0.657944048871627,1
0,0.5564619455540856,0.7498494447716605,0.3609864327157276,1
0,0.6059353211447841,0.7206996634237779,0.2359678250031651,7
0,0.269228442270886,0.26579883135961957,0.24423344571734268,2
1,0.12010693156293549,0.14413874753780265,0.2624850715661851,1
0,0.518070074567922,0.7728600546196902,0.34386328247061637,1
0,0.12408113323662683,0.693742903574066,0.43005897921107994,6
1,0.3126790010883465,0.5500602513805425,0.3297700757427444,3
1,0.5499198823164931,0.5712743772932686,0.6561372043189067,6
0,0.39941848506489874,0.6298077776646095,0.649704594549303,5
0,0.6913853176825732,0.4641281413462528,0.6123485436579899,8
1,0.6131352043475571,0.22525724054593121,0.3797723239782951,7
1,0.5388674743023529,0.33361409138756926,0.5162931074087138,6
1,0.4162924526790419,0.15678283721879419,0.28195567982834707,8
0,0.5130487687333044,0.2865425579251519,0.5361965990463837,9
0,0.22019683253055408,0.7590288528463662,0.3012256093321694,8
0,0.26254533082398446,0.7937063337654398,0.5201668753507904,1
1,0.497117807725186,0.23224374545876825,0.60529612052241,8
0,0.22148261069080888,0.3099207651019199,0.5065508228085736,6
0,0.2091004320336936,0.41208339474313316,0.2540136792366821,6
1,0.45163869902919496,0.5533985957828917,0.46102592647728025,0
1,0.3564674037882737,0.428561704235784,0.5412368744528645,8
1,0.5931023203209159,0.22942711573608177,0.5639163695587316,3
1,0.4939767818594648,0.2658264044191941,0.5859557974118428,5
1,0.5489763041803485,0.3589064856621509,0.31200003619369066,7
0,0.4071349116153855,0.11988492734183227,0.290614387190925,8
0,0.5770360759729845,0.13191747731935943,0.28913933850055157,6
0,0.6561203507730322,0.23119690310086774,0.3045890525331198,4
0,0.541465764686892,0.485570124175595,0.3036110584365773,0
0,0.23777126241283356,0.6837609885757725,0.24787268654035693,2
0,0.2743595346790647,0.667690434587362,0.3525577128940748,8
0,0.4587381680049043,0.5735210300474771,0.5670364533946182,6
0,0.4915178008467742,0.5926911602137367,0.5562426643619263,6
0,0.10399143571565027,0.643138642236685,0.6786069502168092,9
0,0.17782726557306655,0.41710930670879376,0.5487201111495095,2
0,0.42667255272266214,0.4124607734485428,0.3335165129676637,5
0,0.124075079029421,0.23676212182437006,0.5594897260531542,5
0,0.45711213989585886,0.22741222081656695,0.458027558182572,2
1,0.19031337944948057,0.4952622827391482,0.247626655839086,7
0,0.5088850816573286,0.6650625741403516,0.4717118868235099,7
0,0.4283800166706513,0.10468001134341873,0.23284573692010502,7
1,0.3161961013324482,0.49308806227632485,0.5242832691404989,1
0,0.3525190473100154,0.16561819492198687,0.5799541613473648,2
1,0.3799070445235241,0.6786676105225149,0.5826067824021935,5
0,0.4132024053426191,0.31388073352751,0.654407564436874,8
1,0.2046254959315803,0.4722240688988961,0.25533713916540557,5
1,0.31736698053581713,0.2977400036375502,0.5864721687012747,4
0,0.17563952420587203,0.4865238870094203,0.33944824449156175,7
1,0.24377321874601093,0.33494589445539685,0.5754718452807905,0
0,0.1401276170489265,0.29111715022017176,0.4754427734138907,1
0,0.31973159039312615,0.7644535406646675,0.3059777878600437,3
1,0.5016348826073178,0.750585475089097,0.6436016249618028,3
0,0.2590213898124039,0.6757417323892889,0.41227973109027294,7
1,0.3676487133772135,0.753906436739105,0.35822877251963336,7
1,0.4368396146640856,0.4838480871892761,0.23412406767166616,5
1,0.5492027504456808,0.4601650320871912,0.25097531804386447,0
0,0.31362306261775397,0.4840796177799427,0.5658382700679356,6
1,0.341453075460357,0.5936768343702707,0.3056663056081641,9
0,0.5920888556686307,0.2840118039434427,0.49908956299479834,9
1,0.6048660680915988,0.5152090337988339,0.5237727648195956,3
1,0.610475323504715,0.537894858457912,0.578716415010924,1
0,0.17655820953164353,0.30605805308805545,0.38438217680000486,7
1,0.22688008781232444,0.7827813571372101,0.6965937895375821,6
1,0.5644028525634035,0.11283802377435087,0.3287405719193751,7
1,0.5082734675113586,0.45045662729977054,0.4817262644048989,9
0,0.6489573024061989,0.562492728658095,0.584028184512581,8
0,0.25687147827713736,0.7207280949828687,0.3100979379304882,1
0,0.4299236355601006,0.7950792113638172,0.6815225464140433,7
0,0.6487646649651599,0.45544189883363817,0.688041774873025,3
0,0.41406761750492893,0.5243929321718008,0.6494296067477525,7
0,0.1152702425830507,0.3588935560275536,0.43519000878088965,7
1,0.5879480956576726,0.19026889697511185,0.4650368884758894,8
1,0.347840633076844,0.42456768744547047,0.6811787033748564,1
0,0.5529297670270009,0.3116455491545865,0.5247278830000297,6
0,0.3937202280295028,0.4601690023828251,0.4364599803820811,1
0,0.27872042291981736,0.4051262340228924,0.3863213177366447,0
1,0.45726407341450936,0.26916622939648227,0.23914631841027212,7
0,0.12514094369759762,0.16436802701493747,0.23092070718479873,5
1,0.15860228593266051,0.5435511340063902,0.5879423039362112,2
0,0.1921067030068475,0.16136215998276693,0.518109473985033,5
1,0.5834907792481253,0.7987794369793005,0.531809573490356,7
1,0.4868226327290942,0.25889419592734153,0.40019468973591643,4
0,0.6915485534491195,0.272754279648739,0.35751473422900504,2
0,0.3510436350983509,0.559272310273596,0.3190111425477796,7
0,0.3079836505327643,0.7211172621625129,0.22876099601974853,6
0,0.4629515424343259,0.5280407503186388,0.3031467385603309,3
1,0.30608738898830284,0.4152102971691073,0.5732083352043931,0
0,0.24310551778652906,0.11149923372748263,0.6844707408815998,6
1,0.1976995210034325,0.7658765356580172,0.5620800970987918,8
0,0.603587143443966,0.11395601755164551,0.5514628909873494,6
1,0.23794546229213687,0.18541878294689912,0.45945248160433516,2
1,0.41891800491851394,0.5882064567945833,0.5056058021507549,8
0,0.3611367488256515,0.31421439358706515,0.5935393356515984,4
1,0.33660928704801363,0.710356770875898,0.4788777072247901,1
1,0.45455021818616104,0.14486665668373738,0.2108108617900868,0
0,0.5783056488182666,0.50924101635802,0.3293456223880432,9
1,0.3482594566683973,0.24437688854283593,0.6335519380639418,4
0,0.3425664207074563,0.2610664510639178,0.6230633188477497,4
0,0.5495240623518076,0.634643074795525,0.6977825854667703,5
1,0.4893277444843287,0.15842735219246207,0.6381862095422655,9
1,0.28644071153095146,0.38192957104229963,0.3588808951356395,9
0,0.1794103895537137,0.3926925993875794,0.4090684848300242,1
1,0.395908318599807,0.7977691092940509,0.44177725788456956,2
1,0.34879746369008857,0.48202049770747457,0.3935424649583519,2
1,0.3548624135521272,0.3539150706526164,0.4694433940017433,3
1,0.1276387862631486,0.3570348310174484,0.3837014510947626,7
0,0.41423767558210567,0.24065581520905202,0.42488176375066755,6
1,0.29307179585153476,0.34927410786848345,0.6648349726529559,4
0,0.33545154608324923,0.2120839465498548,0.592709594136873,3
1,0.6997610184933308,0.29149804049206096,0.295454531904073,5
1,0.4368230684683294,0.39596068239333837,0.43043934692265795,8
1,0.11622992454844389,0.2978901717580349,0.31647424810286706,0
0,0.3453206306349422,0.4859897763036687,0.5615723845274081,6
0,0.6223233475603537,0.41585548869392586,0.6768863456428578,1
0,0.6540360585188701,0.6962934325878609,0.23513333368324757,5
1,0.2810641679403719,0.2705176140150989,0.2216957836808034,8
0,0.6576480013327897,0.6559678561871953,0.5272975218110705,9
0,0.5792102808236373,0.7230067714972535,0.4164873322938848,6
1,0.32463432109136303,0.44457521054435223,0.6098451862773648,2
0,0.6000699181101573,0.42577750342097975,0.5187358637012722,1
0,0.28094990720340757,0.24020765717797643,0.2866072727144484,9
1,0.10717379228064679,0.27647858267246844,0.24441148064847618,9
0,0.6128355941166095,0.17968579666366355,0.37188834543228877,1
0,0.2695979368963194,0.502165320386308,0.4818911656363523,8
0,0.23793931741464508,0.26828183275268225,0.4216508383980002,9
1,0.4331535927519905,0.7224389005535526,0.3508640468358587,3
1,0.13639291854372476,0.5444428726696231,0.5757796639459936,2
0,0.6185320240898231,0.5366980259445862,0.49233654905066176,2
1,0.4910930117165504,0.15248518809112258,0.6972182080761873,5
1,0.452862503529219,0.6483538973230666,0.348652568238185,8
1,0.18608668679538104,0.36986241481329396,0.41196790740764533,3
1,0.3500458212041593,0.5606757965207473,0.49106816717021207,5
1,0.11307046503988763,0.12385754071077662,0.2608692213304906,2
1,0.267353339341612,0.29402511931331715,0.6651888271575815,9
1,0.20252975022618253,0.6449575053903819,0.3864256150028639,1
0,0.5384304074266179,0.6175291711065649,0.22346656324364683,8
1,0.40341963114059987,0.6049512013034798,0.31923052974003135,6
0,0.18858670651507925,0.4795170281988438,0.48015184639764424,7
0,0.14788929668492387,0.12335024490492963,0.36831659399127636,5
1,0.6318564186856341,0.7900759261636603,0.5317264115440782,5
1,0.6304441026828744,0.5471042013327642,0.28148221470423246,4
0,0.3825770304701771,0.774318814809928,0.5556543798329631,2
1,0.17975813057532675,0.7114332316557357,0.47713921546391996,2
0,0.6027432744483271,0.35111363409858853,0.25064402399277885,9
1,0.4205483045248908,0.6861028086400948,0.5705022496963688,4
0,0.3632442228614752,0.25561939490132246,0.4935083325481801,6
1,0.15677608382108826,0.6519920562562999,0.5841255835416642,1
1,0.21544854368274635,0.22444870853329607,0.5689799497368806,0
1,0.6053984724793138,0.22823901562126098,0.3553724504874596,8
1,0.1868643690538983,0.727047602333989,0.2593894386800082,8
1,0.6209443823316577,0.5283502989721248,0.6571289383815986,5
0,0.5049567427171798,0.13787019473822962,0.4077397358966467,0
0,0.5499821159733866,0.19916665818133333,0.45131815770176925,0
0,0.191352833406771,0.4891571743842631,0.3265114949536113,2
0,0.45188255692565893,0.571409177666823,0.20418757903722184,1
1,0.589335996112092,0.5740904629763421,0.286923780172689,6
1,0.49464261053427616,0.3436307412028867,0.4553428972514033,2
1,0.2607973085987295,0.3660297645385242,0.281717984766657,3
1,0.6994453482329172,0.10688982084968408,0.6671543286981988,2
1,0.4734798348365322,0.7833954759425256,0.454577506552656,6
0,0.42839886811846595,0.15950038057109864,0.3994365548673535,5
1,0.6892540652602807,0.2719081920917149,0.4238365458269453,1
1,0.6187286618807903,0.22947156636077198,0.6654559384645916,4
1,0.28756485349890515,0.2598403962769653,0.6729607212001971,3
0,0.2352796922727863,0.3318382236291889,0.4671424038541711,0
0,0.19081278928480178,0.5922493164232377,0.5775406286073166,0
0,0.3231405319807753,0.34912629772372755,0.2518384821689379,1
1,0.18715612803750964,0.6204977009192528,0.23872632920606524,3
1,0.6823832472888268,0.4587367797086669,0.29013958589001504,2
1,0.1876698672381495,0.5972019948633052,0.556370110792427,4
0,0.5896667445022975,0.7230299847043754,0.22547846471303207,8
0,0.6192226230018116,0.7597031037620254,0.5891509402467712,7
0,0.624115374759046,0.6349264114227172,0.25966980182762595,6
0,0.554099659651404,0.7018788032944351,0.5566921127303668,7
0,0.3993712667107808,0.6771448679933445,0.6162261599404287,7
0,0.6847202720356494,0.15124278843111505,0.47535133165470145,7
1,0.41340356434098247,0.7579532743519384,0.5018711741637429,2
0,0.36394199733536836,0.39168657816808117,0.5909135043500917,8
1,0.16739261029262031,0.34353981849990867,0.47516956689857287,6
1,0.1435890299615032,0.35050052794491615,0.2179722240257977,2
0,0.5321264213288917,0.6519134598351923,0.28216650127302234,0
1,0.5560089084971618,0.1282061688815455,0.36722605408605646,8
1,0.3940501157018761,0.5012132897335335,0.3607113703252621,3
1,0.16150791580361853,0.49622609958785135,0.25397928533013725,8
1,0.23780369102073454,0.24367139327678886,0.6360722081478214,0
0,0.4299362216931596,0.6061004238163561,0.44420771490267486,2
1,0.1488584967439603,0.7308514117908085,0.6773534913960104,1
0,0.6136239250191532,0.5156748628110063,0.39148547230597364,5
1,0.12653084472809362,0.3370004694571038,0.5136425970343513,5
1,0.1517880402022582,0.4599067604969056,0.49224198997959917,4
0,0.32725647962444027,0.324109859833422,0.5841004882876019,6
1,0.2778165386760937,0.38381317342870724,0.38595368454134416,3
1,0.4359787172630487,0.21218267112244443,0.6778103005306602,1
1,0.20939420917912188,0.6967734180149978,0.2826493308705697,7
1,0.3154439463868025,0.11877857729746016,0.36088475995259706,4
1,0.36462681132613806,0.14128876752051486,0.5793706756317483,0
0,0.11802930142597179,0.13465443801816324,0.37161012622270473,9
1,0.24290115642174015,0.3130858715893012,0.5798438978827605,4
0,0.2121350515028167,0.3298272784977374,0.31025710814146074,3
0,0.6415726273021338,0.247094154120672,0.4384460422897384,4
1,0.11538031728449279,0.6141385087512489,0.3523489240123019,3
0,0.1988126802350716,0.27406219497161033,0.6800941478512552,9
1,0.2751103176957945,0.582571720966945,0.5221031419894189,1
0,0.4076692007094178,0.786410078732889,0.47980443210468726,3
1,0.30844361832284045,0.6423310887185407,0.5426498107235325,8
0,0.5660161301138965,0.5152996500743294,0.25796314167324075,7
1,0.32764769513767855,0.33861386139975574,0.5629165280465653,3
0,0.2209649730272408,0.4239540782599869,0.3786832778032675,6
0,0.13431169095761541,0.12088439056299011,0.2095989004229547,5
0,0.1817202868371754,0.6270432928504884,0.27138908876852585,6
0,0.4855094145480613,0.5764962646923508,0.3998908261963713,5
0,0.11156988837214371,0.10226356248624881,0.6500071747459518,8
0,0.14721470144338566,0.15935926282638266,0.6226010193025997,2
1,0.21527199582876788,0.5327297786232095,0.5854849725681959,4
0,0.2803658784417201,0.4246333365353848,0.45938231727499595,1
0,0.6289962579180629,0.14175904046017782,0.46752423294875584,6
0,0.6918129517484777,0.7295366096271374,0.5019537676043064,3
1,0.15943214038410147,0.6114387380021499,0.43567164176638495,4
1,0.3439002442414627,0.6630152528623262,0.2905023151757677,1
1,0.2872934795789211,0.553038360651741,0.3965126897956467,8
0,0.22018757319841673,0.3116561880867732,0.3859122230169586,4
0,0.12897889603024565,0.435027708848183,0.6021987155512781,0
1,0.26375275966477124,0.12622774269590537,0.3824891122152928,3
1,0.6262616540413745,0.598172822659457,0.6351947335786985,8
0,0.5519603890652857,0.4938371036287953,0.6030983565763373,9
1,0.5267563863125717,0.14899466819755214,0.3764878025162258,7
0,0.14985577789444526,0.7276060025115187,0.2953729242299224,0
0,0.1819281972033564,0.6819218832161897,0.33507404153542997,3
0,0.6117789131725451,0.653124779980823,0.616941628065586,1
1,0.4601375944298495,0.2667709989642292,0.4319146562915642,1
1,0.11086856087696106,0.29129356797702455,0.6750868177098924,5
1,0.18616242570428515,0.15722434579723876,0.354052257160722,7
1,0.16129702333752394,0.43089532111160034,0.694152833844534,6
1,0.5387107438078083,0.5948091865169326,0.5881954524554023,0
1,0.3851389793601019,0.7076388294250842,0.6795661910923649,2
1,0.5640820418721985,0.5186370596690328,0.26363795918049504,3
1,0.41605696493961897,0.6002877718084122,0.22289884175365998,9
0,0.13179999503277873,0.24291519847284243,0.5717865398983164,2
1,0.6180650381736243,0.7148358520785647,0.5179101841594427,8
0,0.4592411886888411,0.7264975810419638,0.4239174669915988,0
1,0.26345999861885466,0.3680243573175014,0.2688910134773741,6
0,0.345712870072711,0.12007516483074741,0.5853826509452067,3
1,0.555055699648959,0.793174070599682,0.6459693115480294,2
0,0.5373592779442931,0.2786735391357085,0.38610286830202967,5
0,0.6577960025971206,0.22491837963932582,0.38048026801679236,0
0,0.6823208633500051,0.7927995475283859,0.2627064886954718,4
0,0.5302376853389649,0.5729087586180117,0.5109305764823014,2
0,0.3511130319377064,0.4316871992037028,0.20613755965365665,5
0,0.2544907439507196,0.4703912914513745,0.22723505419884416,8
0,0.5488204603054424,0.20431763765173666,0.5260967342345,6
0,0.14929673258461898,0.6157123370774591,0.21400104294260308,9
0,0.6013393058145825,0.7428442616868836,0.26788251938631563,4
1,0.17071907213269977,0.4681607562806024,0.29971267493919257,3
0,0.24443168669943593,0.18965528096358847,0.3219579580203805,8
1,0.622444924234233,0.5339061118223845,0.5647265998844904,8
1,0.10594181380053552,0.7136910653635984,0.5257967331062818,2
0,0.3128601675197371,0.10277910648928923,0.38775619746111145,9
0,0.18123603008866546,0.5380212716167277,0.6084765864192296,2
1,0.4087417895139839,0.6518485665612768,0.6198909232931122,3
0,0.6987339198941317,0.4774945625949345,0.23908783299403447,0
0,0.24739737137253653,0.41935077022960476,0.6231067351253547,3
0,0.138533435968821,0.42411253370869495,0.35247661038152645,9
0,0.13091621175804194,0.20570866482442057,0.6686109215147689,8
0,0.28163534156853043,0.296545994323678,0.6345956548786343,1
0,0.34167631908477614,0.46389421740988046,0.6003682678598582,3
1,0.6825257690783617,0.751108721842057,0.3554833088947025,0
0,0.6725945247298296,0.6293498414903241,0.5635159644852619,5
0,0.6072393543724082,0.3755315305413507,0.27500664109921913,8
0,0.427043615364988,0.6320334672013648,0.6563309035441702,4
1,0.4392952753185775,0.5935162693058267,0.4653995038704501,7
1,0.2868564282460292,0.7888957100323941,0.6842815870965628,7
1,0.3866058622317813,0.6680277685712322,0.501837177792174,5
0,0.20440475563286276,0.7306679511658192,0.6779041038373892,8
1,0.11407915326764823,0.7205965124717487,0.27177694276278563,1
0,0.4362866678294488,0.7358581085986436,0.5432414622180642,2
1,0.493769111835758,0.5322527356324076,0.4580103345420669,0
0,0.5606877757166435,0.37428723354178306,0.396890814268969,9
1,0.179907152736747,0.5204654704295024,0.33551466553499665,4
1,0.18390543455286557,0.10313989232006172,0.6687397500907953,5
0,0.3197367775493076,0.43455103810887097,0.6645024655257572,1
0,0.506380586572083,0.7458793188894907,0.31235429955265503,9
0,0.2787057658247182,0.6927725507740774,0.35267169263523723,5
0,0.2874679748568724,0.754306229890739,0.2962548468184849,9
0,0.6558495049441977,0.32399776929684143,0.412584763568119,1
1,0.28516084606751635,0.3754860427438279,0.5167301005390936,4
1,0.10478381921806815,0.6287964325047547,0.6763161988894377,0
1,0.40680224234820916,0.46603738369407255,0.30159937115904395,0
1,0.13968716936906683,0.4707033556311444,0.2585819861115588,2
0,0.19467979221663473,0.1465418465894773,0.5452930512569135,8
0,0.675524859654555,0.13297685322752484,0.23134429315801114,1
1,0.41524204455351477,0.35300819855691223,0.20728836628681147,9
0,0.19133406711480982,0.7553220335555189,0.4772143521162339,3
0,0.29151158511806397,0.585853946172699,0.3314120679660062,9
1,0.5129526946692794,0.6447954313109898,0.6843078622739779,3
0,0.5885578717969805,0.577863896990357,0.5143146983572011,2


